bulan_1,bulan_2,bulan_3,bulan_4,bulan_5,bulan_6,bulan_7,bulan_8,bulan_9,bulan_10,bulan_11,bulan_12,id_skpd,kode_skpd,nama_skpd,kode_sub_skpd,nama_sub_skpd,kode_bidang_urusan,nama_bidang_urusan,kode_program,nama_program,kode_giat,nama_giat,kode_bl,id_sub_giat,kode_sub_giat,nama_sub_giat,rincian,rincian_murni,kode_akun,nama_akun,total_rincian
0,0,1272800,0,0,0,1000000,0,0,0,0,0,1483,7.01.0.00.0.00.34.0000,KECAMATAN RANCABUNGUR,7.01.0.00.0.00.34.01,Sekretariat Kecamatan Rancabungur,7.01,KECAMATAN,7.01.01,PROGRAM PENUNJANG URUSAN PEMERINTAHAN DAERAH KABUPATEN/KOTA,7.01.01.2.01,"Perencanaan, Penganggaran, dan Evaluasi Kinerja Perangkat Daerah",1483.1849.97.422.1860,8857,7.01.01.2.01.01,Penyusunan Dokumen Perencanaan Perangkat Daerah,15000000,15000000,5.1.02.01.01.0024,Belanja Alat/Bahan untuk Kegiatan Kantor-Alat Tulis Kantor,2272800
0,0,506700,0,0,0,220500,0,0,0,0,0,1483,7.01.0.00.0.00.34.0000,KECAMATAN RANCABUNGUR,7.01.0.00.0.00.34.01,Sekretariat Kecamatan Rancabungur,7.01,KECAMATAN,7.01.01,PROGRAM PENUNJANG URUSAN PEMERINTAHAN DAERAH KABUPATEN/KOTA,7.01.01.2.01,"Perencanaan, Penganggaran, dan Evaluasi Kinerja Perangkat Daerah",1483.1849.97.422.1860,8857,7.01.01.2.01.01,Penyusunan Dokumen Perencanaan Perangkat Daerah,15000000,15000000,5.1.02.01.01.0026,Belanja Alat/Bahan untuk Kegiatan Kantor- Bahan Cetak,727200
0,0,6000000,0,0,0,6000000,0,0,0,0,0,1483,7.01.0.00.0.00.34.0000,KECAMATAN RANCABUNGUR,7.01.0.00.0.00.34.01,Sekretariat Kecamatan Rancabungur,7.01,KECAMATAN,7.01.01,PROGRAM PENUNJANG URUSAN PEMERINTAHAN DAERAH KABUPATEN/KOTA,7.01.01.2.01,"Perencanaan, Penganggaran, dan Evaluasi Kinerja Perangkat Daerah",1483.1849.97.422.1860,8857,7.01.01.2.01.01,Penyusunan Dokumen Perencanaan Perangkat Daerah,15000000,15000000,5.1.02.01.01.0052,Belanja Makanan dan Minuman Rapat,12000000
0,0,1000000,0,0,0,0,818000,0,0,0,0,1483,7.01.0.00.0.00.34.0000,KECAMATAN RANCABUNGUR,7.01.0.00.0.00.34.01,Sekretariat Kecamatan Rancabungur,7.01,KECAMATAN,7.01.01,PROGRAM PENUNJANG URUSAN PEMERINTAHAN DAERAH KABUPATEN/KOTA,7.01.01.2.01,"Perencanaan, Penganggaran, dan Evaluasi Kinerja Perangkat Daerah",1483.1849.97.422.1860,8858,7.01.01.2.01.02,Koordinasi dan Penyusunan Dokumen RKA-SKPD,5000000,5000000,5.1.02.01.01.0024,Belanja Alat/Bahan untuk Kegiatan Kantor-Alat Tulis Kantor,1818000
0,0,782000,0,0,0,0,0,0,0,0,0,1483,7.01.0.00.0.00.34.0000,KECAMATAN RANCABUNGUR,7.01.0.00.0.00.34.01,Sekretariat Kecamatan Rancabungur,7.01,KECAMATAN,7.01.01,PROGRAM PENUNJANG URUSAN PEMERINTAHAN DAERAH KABUPATEN/KOTA,7.01.01.2.01,"Perencanaan, Penganggaran, dan Evaluasi Kinerja Perangkat Daerah",1483.1849.97.422.1860,8858,7.01.01.2.01.02,Koordinasi dan Penyusunan Dokumen RKA-SKPD,5000000,5000000,5.1.02.01.01.0026,Belanja Alat/Bahan untuk Kegiatan Kantor- Bahan Cetak,782000
0,0,1200000,0,0,0,0,1200000,0,0,0,0,1483,7.01.0.00.0.00.34.0000,KECAMATAN RANCABUNGUR,7.01.0.00.0.00.34.01,Sekretariat Kecamatan Rancabungur,7.01,KECAMATAN,7.01.01,PROGRAM PENUNJANG URUSAN PEMERINTAHAN DAERAH KABUPATEN/KOTA,7.01.01.2.01,"Perencanaan, Penganggaran, dan Evaluasi Kinerja Perangkat Daerah",1483.1849.97.422.1860,8858,7.01.01.2.01.02,Koordinasi dan Penyusunan Dokumen RKA-SKPD,5000000,5000000,5.1.02.01.01.0052,Belanja Makanan dan Minuman Rapat,2400000
0,0,1152500,0,0,0,0,0,665500,0,0,0,1483,7.01.0.00.0.00.34.0000,KECAMATAN RANCABUNGUR,7.01.0.00.0.00.34.01,Sekretariat Kecamatan Rancabungur,7.01,KECAMATAN,7.01.01,PROGRAM PENUNJANG URUSAN PEMERINTAHAN DAERAH KABUPATEN/KOTA,7.01.01.2.01,"Perencanaan, Penganggaran, dan Evaluasi Kinerja Perangkat Daerah",1483.1849.97.422.1860,8860,7.01.01.2.01.04,Koordinasi dan Penyusunan DPA-SKPD,5000000,5000000,5.1.02.01.01.0024,Belanja Alat/Bahan untuk Kegiatan Kantor-Alat Tulis Kantor,1818000
0,0,782000,0,0,0,0,0,0,0,0,0,1483,7.01.0.00.0.00.34.0000,KECAMATAN RANCABUNGUR,7.01.0.00.0.00.34.01,Sekretariat Kecamatan Rancabungur,7.01,KECAMATAN,7.01.01,PROGRAM PENUNJANG URUSAN PEMERINTAHAN DAERAH KABUPATEN/KOTA,7.01.01.2.01,"Perencanaan, Penganggaran, dan Evaluasi Kinerja Perangkat Daerah",1483.1849.97.422.1860,8860,7.01.01.2.01.04,Koordinasi dan Penyusunan DPA-SKPD,5000000,5000000,5.1.02.01.01.0026,Belanja Alat/Bahan untuk Kegiatan Kantor- Bahan Cetak,782000
0,0,1200000,0,0,0,0,0,1200000,0,0,0,1483,7.01.0.00.0.00.34.0000,KECAMATAN RANCABUNGUR,7.01.0.00.0.00.34.01,Sekretariat Kecamatan Rancabungur,7.01,KECAMATAN,7.01.01,PROGRAM PENUNJANG URUSAN PEMERINTAHAN DAERAH KABUPATEN/KOTA,7.01.01.2.01,"Perencanaan, Penganggaran, dan Evaluasi Kinerja Perangkat Daerah",1483.1849.97.422.1860,8860,7.01.01.2.01.04,Koordinasi dan Penyusunan DPA-SKPD,5000000,5000000,5.1.02.01.01.0052,Belanja Makanan dan Minuman Rapat,2400000
0,0,950200,0,1670400,0,1342350,0,0,0,1116050,0,1483,7.01.0.00.0.00.34.0000,KECAMATAN RANCABUNGUR,7.01.0.00.0.00.34.01,Sekretariat Kecamatan Rancabungur,7.01,KECAMATAN,7.01.01,PROGRAM PENUNJANG URUSAN PEMERINTAHAN DAERAH KABUPATEN/KOTA,7.01.01.2.01,"Perencanaan, Penganggaran, dan Evaluasi Kinerja Perangkat Daerah",1483.1849.97.422.1860,8862,7.01.01.2.01.06,Koordinasi dan Penyusunan Laporan Capaian Kinerja dan Ikhtisar Realisasi Kinerja SKPD,41039800,41039800,5.1.02.01.01.0024,Belanja Alat/Bahan untuk Kegiatan Kantor-Alat Tulis Kantor,5079000
0,0,759400,0,0,0,410600,0,0,0,390800,0,1483,7.01.0.00.0.00.34.0000,KECAMATAN RANCABUNGUR,7.01.0.00.0.00.34.01,Sekretariat Kecamatan Rancabungur,7.01,KECAMATAN,7.01.01,PROGRAM PENUNJANG URUSAN PEMERINTAHAN DAERAH KABUPATEN/KOTA,7.01.01.2.01,"Perencanaan, Penganggaran, dan Evaluasi Kinerja Perangkat Daerah",1483.1849.97.422.1860,8862,7.01.01.2.01.06,Koordinasi dan Penyusunan Laporan Capaian Kinerja dan Ikhtisar Realisasi Kinerja SKPD,41039800,41039800,5.1.02.01.01.0026,Belanja Alat/Bahan untuk Kegiatan Kantor- Bahan Cetak,1560800
0,0,3600000,0,3600000,0,3600000,0,0,0,3600000,0,1483,7.01.0.00.0.00.34.0000,KECAMATAN RANCABUNGUR,7.01.0.00.0.00.34.01,Sekretariat Kecamatan Rancabungur,7.01,KECAMATAN,7.01.01,PROGRAM PENUNJANG URUSAN PEMERINTAHAN DAERAH KABUPATEN/KOTA,7.01.01.2.01,"Perencanaan, Penganggaran, dan Evaluasi Kinerja Perangkat Daerah",1483.1849.97.422.1860,8862,7.01.01.2.01.06,Koordinasi dan Penyusunan Laporan Capaian Kinerja dan Ikhtisar Realisasi Kinerja SKPD,41039800,41039800,5.1.02.01.01.0052,Belanja Makanan dan Minuman Rapat,14400000
0,0,4000000,0,4000000,4000000,0,4000000,0,4000000,0,0,1483,7.01.0.00.0.00.34.0000,KECAMATAN RANCABUNGUR,7.01.0.00.0.00.34.01,Sekretariat Kecamatan Rancabungur,7.01,KECAMATAN,7.01.01,PROGRAM PENUNJANG URUSAN PEMERINTAHAN DAERAH KABUPATEN/KOTA,7.01.01.2.01,"Perencanaan, Penganggaran, dan Evaluasi Kinerja Perangkat Daerah",1483.1849.97.422.1860,8862,7.01.01.2.01.06,Koordinasi dan Penyusunan Laporan Capaian Kinerja dan Ikhtisar Realisasi Kinerja SKPD,41039800,41039800,5.1.02.02.01.0055,"Belanja Jasa Iklan/Reklame, Film, dan Pemotretan",20000000
0,0,818300,0,0,0,0,545200,0,0,454500,0,1483,7.01.0.00.0.00.34.0000,KECAMATAN RANCABUNGUR,7.01.0.00.0.00.34.01,Sekretariat Kecamatan Rancabungur,7.01,KECAMATAN,7.01.01,PROGRAM PENUNJANG URUSAN PEMERINTAHAN DAERAH KABUPATEN/KOTA,7.01.01.2.01,"Perencanaan, Penganggaran, dan Evaluasi Kinerja Perangkat Daerah",1483.1849.97.422.1860,8863,7.01.01.2.01.07,Evaluasi Kinerja Perangkat Daerah,5000000,5000000,5.1.02.01.01.0024,Belanja Alat/Bahan untuk Kegiatan Kantor-Alat Tulis Kantor,1818000
0,0,450000,0,0,0,0,112000,0,0,220000,0,1483,7.01.0.00.0.00.34.0000,KECAMATAN RANCABUNGUR,7.01.0.00.0.00.34.01,Sekretariat Kecamatan Rancabungur,7.01,KECAMATAN,7.01.01,PROGRAM PENUNJANG URUSAN PEMERINTAHAN DAERAH KABUPATEN/KOTA,7.01.01.2.01,"Perencanaan, Penganggaran, dan Evaluasi Kinerja Perangkat Daerah",1483.1849.97.422.1860,8863,7.01.01.2.01.07,Evaluasi Kinerja Perangkat Daerah,5000000,5000000,5.1.02.01.01.0026,Belanja Alat/Bahan untuk Kegiatan Kantor- Bahan Cetak,782000
0,0,1200000,0,0,0,0,600000,0,0,600000,0,1483,7.01.0.00.0.00.34.0000,KECAMATAN RANCABUNGUR,7.01.0.00.0.00.34.01,Sekretariat Kecamatan Rancabungur,7.01,KECAMATAN,7.01.01,PROGRAM PENUNJANG URUSAN PEMERINTAHAN DAERAH KABUPATEN/KOTA,7.01.01.2.01,"Perencanaan, Penganggaran, dan Evaluasi Kinerja Perangkat Daerah",1483.1849.97.422.1860,8863,7.01.01.2.01.07,Evaluasi Kinerja Perangkat Daerah,5000000,5000000,5.1.02.01.01.0052,Belanja Makanan dan Minuman Rapat,2400000
61719300,61719300,63384300,72363210,144726420,144726420,72363210,72363210,72363210,72363210,72363210,0,1483,7.01.0.00.0.00.34.0000,KECAMATAN RANCABUNGUR,7.01.0.00.0.00.34.01,Sekretariat Kecamatan Rancabungur,7.01,KECAMATAN,7.01.01,PROGRAM PENUNJANG URUSAN PEMERINTAHAN DAERAH KABUPATEN/KOTA,7.01.01.2.02,Administrasi Keuangan Perangkat Daerah,1483.1849.97.422.1861,8864,7.01.01.2.02.01,Penyediaan Gaji dan Tunjangan ASN,2744970973,3140428337,5.1.01.01.01.0001,Belanja Gaji Pokok PNS,910455000
6400220,6400220,6533214,8226826,16453560,16453560,8226780,8226780,8226780,8226780,8226780,0,1483,7.01.0.00.0.00.34.0000,KECAMATAN RANCABUNGUR,7.01.0.00.0.00.34.01,Sekretariat Kecamatan Rancabungur,7.01,KECAMATAN,7.01.01,PROGRAM PENUNJANG URUSAN PEMERINTAHAN DAERAH KABUPATEN/KOTA,7.01.01.2.02,Administrasi Keuangan Perangkat Daerah,1483.1849.97.422.1861,8864,7.01.01.2.02.01,Penyediaan Gaji dan Tunjangan ASN,2744970973,3140428337,5.1.01.01.02.0001,Belanja Tunjangan Keluarga PNS,101601500
5380000,5380000,5920000,6143440,12286880,12286880,6143440,6143440,6143440,6143440,6143440,0,1483,7.01.0.00.0.00.34.0000,KECAMATAN RANCABUNGUR,7.01.0.00.0.00.34.01,Sekretariat Kecamatan Rancabungur,7.01,KECAMATAN,7.01.01,PROGRAM PENUNJANG URUSAN PEMERINTAHAN DAERAH KABUPATEN/KOTA,7.01.01.2.02,Administrasi Keuangan Perangkat Daerah,1483.1849.97.422.1861,8864,7.01.01.2.02.01,Penyediaan Gaji dan Tunjangan ASN,2744970973,3140428337,5.1.01.01.03.0001,Belanja Tunjangan Jabatan PNS,78114400
360000,360000,360000,367020,734040,734040,367020,367020,367020,367020,367020,0,1483,7.01.0.00.0.00.34.0000,KECAMATAN RANCABUNGUR,7.01.0.00.0.00.34.01,Sekretariat Kecamatan Rancabungur,7.01,KECAMATAN,7.01.01,PROGRAM PENUNJANG URUSAN PEMERINTAHAN DAERAH KABUPATEN/KOTA,7.01.01.2.02,Administrasi Keuangan Perangkat Daerah,1483.1849.97.422.1861,8864,7.01.01.2.02.01,Penyediaan Gaji dan Tunjangan ASN,2744970973,3140428337,5.1.01.01.04.0001,Belanja Tunjangan Fungsional PNS,4750200
1465000,1465000,1280000,1512135,3024120,3024120,1512060,1512060,1512060,1512060,1512060,0,1483,7.01.0.00.0.00.34.0000,KECAMATAN RANCABUNGUR,7.01.0.00.0.00.34.01,Sekretariat Kecamatan Rancabungur,7.01,KECAMATAN,7.01.01,PROGRAM PENUNJANG URUSAN PEMERINTAHAN DAERAH KABUPATEN/KOTA,7.01.01.2.02,Administrasi Keuangan Perangkat Daerah,1483.1849.97.422.1861,8864,7.01.01.2.02.01,Penyediaan Gaji dan Tunjangan ASN,2744970973,3140428337,5.1.01.01.05.0001,Belanja Tunjangan Fungsional Umum PNS,19330675
3258900,3258900,3186480,3989268,7978536,7978536,3989268,3989268,3989268,3989268,3989268,0,1483,7.01.0.00.0.00.34.0000,KECAMATAN RANCABUNGUR,7.01.0.00.0.00.34.01,Sekretariat Kecamatan Rancabungur,7.01,KECAMATAN,7.01.01,PROGRAM PENUNJANG URUSAN PEMERINTAHAN DAERAH KABUPATEN/KOTA,7.01.01.2.02,Administrasi Keuangan Perangkat Daerah,1483.1849.97.422.1861,8864,7.01.01.2.02.01,Penyediaan Gaji dan Tunjangan ASN,2744970973,3140428337,5.1.01.01.06.0001,Belanja Tunjangan Beras PNS,49596960
148827,148827,148827,160069,1740000,1740000,160000,160000,160000,160000,155600,0,1483,7.01.0.00.0.00.34.0000,KECAMATAN RANCABUNGUR,7.01.0.00.0.00.34.01,Sekretariat Kecamatan Rancabungur,7.01,KECAMATAN,7.01.01,PROGRAM PENUNJANG URUSAN PEMERINTAHAN DAERAH KABUPATEN/KOTA,7.01.01.2.02,Administrasi Keuangan Perangkat Daerah,1483.1849.97.422.1861,8864,7.01.01.2.02.01,Penyediaan Gaji dan Tunjangan ASN,2744970973,3140428337,5.1.01.01.07.0001,Belanja Tunjangan PPh/Tunjangan Khusus PNS,4882150
786,786,883,1651,2960,2960,1280,1280,1280,1280,1155,0,1483,7.01.0.00.0.00.34.0000,KECAMATAN RANCABUNGUR,7.01.0.00.0.00.34.01,Sekretariat Kecamatan Rancabungur,7.01,KECAMATAN,7.01.01,PROGRAM PENUNJANG URUSAN PEMERINTAHAN DAERAH KABUPATEN/KOTA,7.01.01.2.02,Administrasi Keuangan Perangkat Daerah,1483.1849.97.422.1861,8864,7.01.01.2.02.01,Penyediaan Gaji dan Tunjangan ASN,2744970973,3140428337,5.1.01.01.08.0001,Belanja Pembulatan Gaji PNS,16301
3012979,3012979,3099099,3200000,3200000,3200000,3200000,3200000,3200000,3200000,753638,0,1483,7.01.0.00.0.00.34.0000,KECAMATAN RANCABUNGUR,7.01.0.00.0.00.34.01,Sekretariat Kecamatan Rancabungur,7.01,KECAMATAN,7.01.01,PROGRAM PENUNJANG URUSAN PEMERINTAHAN DAERAH KABUPATEN/KOTA,7.01.01.2.02,Administrasi Keuangan Perangkat Daerah,1483.1849.97.422.1861,8864,7.01.01.2.02.01,Penyediaan Gaji dan Tunjangan ASN,2744970973,3140428337,5.1.01.01.09.0001,Belanja Iuran Jaminan Kesehatan PNS,32278695
148128,148128,152123,173683,347340,347340,173670,173670,173670,173670,173670,0,1483,7.01.0.00.0.00.34.0000,KECAMATAN RANCABUNGUR,7.01.0.00.0.00.34.01,Sekretariat Kecamatan Rancabungur,7.01,KECAMATAN,7.01.01,PROGRAM PENUNJANG URUSAN PEMERINTAHAN DAERAH KABUPATEN/KOTA,7.01.01.2.02,Administrasi Keuangan Perangkat Daerah,1483.1849.97.422.1861,8864,7.01.01.2.02.01,Penyediaan Gaji dan Tunjangan ASN,2744970973,3140428337,5.1.01.01.10.0001,Belanja Iuran Jaminan Kecelakaan Kerja PNS,2185092
444379,444379,456367,621555,1242960,1242960,621480,621480,621480,621480,621480,0,1483,7.01.0.00.0.00.34.0000,KECAMATAN RANCABUNGUR,7.01.0.00.0.00.34.01,Sekretariat Kecamatan Rancabungur,7.01,KECAMATAN,7.01.01,PROGRAM PENUNJANG URUSAN PEMERINTAHAN DAERAH KABUPATEN/KOTA,7.01.01.2.02,Administrasi Keuangan Perangkat Daerah,1483.1849.97.422.1861,8864,7.01.01.2.02.01,Penyediaan Gaji dan Tunjangan ASN,2744970973,3140428337,5.1.01.01.11.0001,Belanja Iuran Jaminan Kematian PNS,7560000
0,182280000,195807800,151980000,249960000,151980000,151980000,151980000,151980000,131852200,0,0,1483,7.01.0.00.0.00.34.0000,KECAMATAN RANCABUNGUR,7.01.0.00.0.00.34.01,Sekretariat Kecamatan Rancabungur,7.01,KECAMATAN,7.01.01,PROGRAM PENUNJANG URUSAN PEMERINTAHAN DAERAH KABUPATEN/KOTA,7.01.01.2.02,Administrasi Keuangan Perangkat Daerah,1483.1849.97.422.1861,8864,7.01.01.2.02.01,Penyediaan Gaji dan Tunjangan ASN,2744970973,3140428337,5.1.01.02.01.0001,Tambahan Penghasilan berdasarkan Beban Kerja PNS,1519800000
0,0,0,3800000,1900000,1900000,950000,950000,950000,950000,0,0,1483,7.01.0.00.0.00.34.0000,KECAMATAN RANCABUNGUR,7.01.0.00.0.00.34.01,Sekretariat Kecamatan Rancabungur,7.01,KECAMATAN,7.01.01,PROGRAM PENUNJANG URUSAN PEMERINTAHAN DAERAH KABUPATEN/KOTA,7.01.01.2.02,Administrasi Keuangan Perangkat Daerah,1483.1849.97.422.1861,8864,7.01.01.2.02.01,Penyediaan Gaji dan Tunjangan ASN,2744970973,3140428337,5.1.01.03.07.0001,Belanja Honorarium Penanggungjawaban Pengelola Keuangan,11400000
0,0,0,1000000,500000,500000,250000,250000,250000,250000,0,0,1483,7.01.0.00.0.00.34.0000,KECAMATAN RANCABUNGUR,7.01.0.00.0.00.34.01,Sekretariat Kecamatan Rancabungur,7.01,KECAMATAN,7.01.01,PROGRAM PENUNJANG URUSAN PEMERINTAHAN DAERAH KABUPATEN/KOTA,7.01.01.2.02,Administrasi Keuangan Perangkat Daerah,1483.1849.97.422.1861,8864,7.01.01.2.02.01,Penyediaan Gaji dan Tunjangan ASN,2744970973,3140428337,5.1.01.03.08.0002,Belanja Jasa Pengelolaan BMD yang Tidak Menghasilkan Pendapatan,3000000
0,0,950000,390000,0,0,662050,0,0,635950,0,0,1483,7.01.0.00.0.00.34.0000,KECAMATAN RANCABUNGUR,7.01.0.00.0.00.34.01,Sekretariat Kecamatan Rancabungur,7.01,KECAMATAN,7.01.01,PROGRAM PENUNJANG URUSAN PEMERINTAHAN DAERAH KABUPATEN/KOTA,7.01.01.2.02,Administrasi Keuangan Perangkat Daerah,1483.1849.97.422.1861,8866,7.01.01.2.02.03,Pelaksanaan Penatausahaan dan Pengujian/Verifikasi Keuangan SKPD,9000000,9000000,5.1.02.01.01.0024,Belanja Alat/Bahan untuk Kegiatan Kantor-Alat Tulis Kantor,2638000
0,0,815000,0,0,0,357000,0,0,390000,0,0,1483,7.01.0.00.0.00.34.0000,KECAMATAN RANCABUNGUR,7.01.0.00.0.00.34.01,Sekretariat Kecamatan Rancabungur,7.01,KECAMATAN,7.01.01,PROGRAM PENUNJANG URUSAN PEMERINTAHAN DAERAH KABUPATEN/KOTA,7.01.01.2.02,Administrasi Keuangan Perangkat Daerah,1483.1849.97.422.1861,8866,7.01.01.2.02.03,Pelaksanaan Penatausahaan dan Pengujian/Verifikasi Keuangan SKPD,9000000,9000000,5.1.02.01.01.0026,Belanja Alat/Bahan untuk Kegiatan Kantor- Bahan Cetak,1562000
0,0,1200000,1200000,0,0,1200000,0,0,1200000,0,0,1483,7.01.0.00.0.00.34.0000,KECAMATAN RANCABUNGUR,7.01.0.00.0.00.34.01,Sekretariat Kecamatan Rancabungur,7.01,KECAMATAN,7.01.01,PROGRAM PENUNJANG URUSAN PEMERINTAHAN DAERAH KABUPATEN/KOTA,7.01.01.2.02,Administrasi Keuangan Perangkat Daerah,1483.1849.97.422.1861,8866,7.01.01.2.02.03,Pelaksanaan Penatausahaan dan Pengujian/Verifikasi Keuangan SKPD,9000000,9000000,5.1.02.01.01.0052,Belanja Makanan dan Minuman Rapat,4800000
0,0,0,0,1209750,0,0,608000,0,0,568250,0,1483,7.01.0.00.0.00.34.0000,KECAMATAN RANCABUNGUR,7.01.0.00.0.00.34.01,Sekretariat Kecamatan Rancabungur,7.01,KECAMATAN,7.01.01,PROGRAM PENUNJANG URUSAN PEMERINTAHAN DAERAH KABUPATEN/KOTA,7.01.01.2.02,Administrasi Keuangan Perangkat Daerah,1483.1849.97.422.1861,8867,7.01.01.2.02.04,Koordinasi dan Pelaksanaan Akuntansi SKPD,8106000,8106000,5.1.02.01.01.0024,Belanja Alat/Bahan untuk Kegiatan Kantor-Alat Tulis Kantor,2386000
0,0,0,0,460000,0,0,230000,0,0,230000,0,1483,7.01.0.00.0.00.34.0000,KECAMATAN RANCABUNGUR,7.01.0.00.0.00.34.01,Sekretariat Kecamatan Rancabungur,7.01,KECAMATAN,7.01.01,PROGRAM PENUNJANG URUSAN PEMERINTAHAN DAERAH KABUPATEN/KOTA,7.01.01.2.02,Administrasi Keuangan Perangkat Daerah,1483.1849.97.422.1861,8867,7.01.01.2.02.04,Koordinasi dan Pelaksanaan Akuntansi SKPD,8106000,8106000,5.1.02.01.01.0026,Belanja Alat/Bahan untuk Kegiatan Kantor- Bahan Cetak,920000
0,0,0,0,2400000,0,0,1200000,0,0,1200000,0,1483,7.01.0.00.0.00.34.0000,KECAMATAN RANCABUNGUR,7.01.0.00.0.00.34.01,Sekretariat Kecamatan Rancabungur,7.01,KECAMATAN,7.01.01,PROGRAM PENUNJANG URUSAN PEMERINTAHAN DAERAH KABUPATEN/KOTA,7.01.01.2.02,Administrasi Keuangan Perangkat Daerah,1483.1849.97.422.1861,8867,7.01.01.2.02.04,Koordinasi dan Pelaksanaan Akuntansi SKPD,8106000,8106000,5.1.02.01.01.0052,Belanja Makanan dan Minuman Rapat,4800000
0,0,0,0,0,0,0,0,0,0,0,1330400,1483,7.01.0.00.0.00.34.0000,KECAMATAN RANCABUNGUR,7.01.0.00.0.00.34.01,Sekretariat Kecamatan Rancabungur,7.01,KECAMATAN,7.01.01,PROGRAM PENUNJANG URUSAN PEMERINTAHAN DAERAH KABUPATEN/KOTA,7.01.01.2.02,Administrasi Keuangan Perangkat Daerah,1483.1849.97.422.1861,8868,7.01.01.2.02.05,Koordinasi dan Penyusunan Laporan Keuangan Akhir Tahun SKPD,3600000,3600000,5.1.02.01.01.0024,Belanja Alat/Bahan untuk Kegiatan Kantor-Alat Tulis Kantor,1330400
0,0,0,0,0,0,0,0,0,0,0,669600,1483,7.01.0.00.0.00.34.0000,KECAMATAN RANCABUNGUR,7.01.0.00.0.00.34.01,Sekretariat Kecamatan Rancabungur,7.01,KECAMATAN,7.01.01,PROGRAM PENUNJANG URUSAN PEMERINTAHAN DAERAH KABUPATEN/KOTA,7.01.01.2.02,Administrasi Keuangan Perangkat Daerah,1483.1849.97.422.1861,8868,7.01.01.2.02.05,Koordinasi dan Penyusunan Laporan Keuangan Akhir Tahun SKPD,3600000,3600000,5.1.02.01.01.0026,Belanja Alat/Bahan untuk Kegiatan Kantor- Bahan Cetak,669600
0,0,0,0,0,0,0,0,0,0,0,1600000,1483,7.01.0.00.0.00.34.0000,KECAMATAN RANCABUNGUR,7.01.0.00.0.00.34.01,Sekretariat Kecamatan Rancabungur,7.01,KECAMATAN,7.01.01,PROGRAM PENUNJANG URUSAN PEMERINTAHAN DAERAH KABUPATEN/KOTA,7.01.01.2.02,Administrasi Keuangan Perangkat Daerah,1483.1849.97.422.1861,8868,7.01.01.2.02.05,Koordinasi dan Penyusunan Laporan Keuangan Akhir Tahun SKPD,3600000,3600000,5.1.02.01.01.0052,Belanja Makanan dan Minuman Rapat,1600000
0,0,0,0,0,2638000,0,0,0,0,0,0,1483,7.01.0.00.0.00.34.0000,KECAMATAN RANCABUNGUR,7.01.0.00.0.00.34.01,Sekretariat Kecamatan Rancabungur,7.01,KECAMATAN,7.01.01,PROGRAM PENUNJANG URUSAN PEMERINTAHAN DAERAH KABUPATEN/KOTA,7.01.01.2.02,Administrasi Keuangan Perangkat Daerah,1483.1849.97.422.1861,8869,7.01.01.2.02.06,Pengelolaan dan Penyiapan Bahan Tanggapan Pemeriksaan,14000000,14000000,5.1.02.01.01.0024,Belanja Alat/Bahan untuk Kegiatan Kantor-Alat Tulis Kantor,2638000
0,0,0,0,0,1362000,0,0,0,0,0,0,1483,7.01.0.00.0.00.34.0000,KECAMATAN RANCABUNGUR,7.01.0.00.0.00.34.01,Sekretariat Kecamatan Rancabungur,7.01,KECAMATAN,7.01.01,PROGRAM PENUNJANG URUSAN PEMERINTAHAN DAERAH KABUPATEN/KOTA,7.01.01.2.02,Administrasi Keuangan Perangkat Daerah,1483.1849.97.422.1861,8869,7.01.01.2.02.06,Pengelolaan dan Penyiapan Bahan Tanggapan Pemeriksaan,14000000,14000000,5.1.02.01.01.0026,Belanja Alat/Bahan untuk Kegiatan Kantor- Bahan Cetak,1362000
0,0,0,0,0,10000000,0,0,0,0,0,0,1483,7.01.0.00.0.00.34.0000,KECAMATAN RANCABUNGUR,7.01.0.00.0.00.34.01,Sekretariat Kecamatan Rancabungur,7.01,KECAMATAN,7.01.01,PROGRAM PENUNJANG URUSAN PEMERINTAHAN DAERAH KABUPATEN/KOTA,7.01.01.2.02,Administrasi Keuangan Perangkat Daerah,1483.1849.97.422.1861,8869,7.01.01.2.02.06,Pengelolaan dan Penyiapan Bahan Tanggapan Pemeriksaan,14000000,14000000,5.1.02.01.01.0052,Belanja Makanan dan Minuman Rapat,10000000
0,0,0,844850,0,844850,0,844850,0,844850,0,0,1483,7.01.0.00.0.00.34.0000,KECAMATAN RANCABUNGUR,7.01.0.00.0.00.34.01,Sekretariat Kecamatan Rancabungur,7.01,KECAMATAN,7.01.01,PROGRAM PENUNJANG URUSAN PEMERINTAHAN DAERAH KABUPATEN/KOTA,7.01.01.2.02,Administrasi Keuangan Perangkat Daerah,1483.1849.97.422.1861,8870,7.01.01.2.02.07,Koordinasi dan Penyusunan Laporan Keuangan Bulanan/Triwulanan/Semesteran SKPD,12151800,12151800,5.1.02.01.01.0024,Belanja Alat/Bahan untuk Kegiatan Kantor-Alat Tulis Kantor,3379400
0,0,0,390000,0,402400,0,390000,0,390000,0,0,1483,7.01.0.00.0.00.34.0000,KECAMATAN RANCABUNGUR,7.01.0.00.0.00.34.01,Sekretariat Kecamatan Rancabungur,7.01,KECAMATAN,7.01.01,PROGRAM PENUNJANG URUSAN PEMERINTAHAN DAERAH KABUPATEN/KOTA,7.01.01.2.02,Administrasi Keuangan Perangkat Daerah,1483.1849.97.422.1861,8870,7.01.01.2.02.07,Koordinasi dan Penyusunan Laporan Keuangan Bulanan/Triwulanan/Semesteran SKPD,12151800,12151800,5.1.02.01.01.0026,Belanja Alat/Bahan untuk Kegiatan Kantor- Bahan Cetak,1572400
0,0,0,1600000,0,2000000,0,2000000,0,1600000,0,0,1483,7.01.0.00.0.00.34.0000,KECAMATAN RANCABUNGUR,7.01.0.00.0.00.34.01,Sekretariat Kecamatan Rancabungur,7.01,KECAMATAN,7.01.01,PROGRAM PENUNJANG URUSAN PEMERINTAHAN DAERAH KABUPATEN/KOTA,7.01.01.2.02,Administrasi Keuangan Perangkat Daerah,1483.1849.97.422.1861,8870,7.01.01.2.02.07,Koordinasi dan Penyusunan Laporan Keuangan Bulanan/Triwulanan/Semesteran SKPD,12151800,12151800,5.1.02.01.01.0052,Belanja Makanan dan Minuman Rapat,7200000
0,0,0,0,0,1330400,0,0,0,0,0,0,1483,7.01.0.00.0.00.34.0000,KECAMATAN RANCABUNGUR,7.01.0.00.0.00.34.01,Sekretariat Kecamatan Rancabungur,7.01,KECAMATAN,7.01.01,PROGRAM PENUNJANG URUSAN PEMERINTAHAN DAERAH KABUPATEN/KOTA,7.01.01.2.02,Administrasi Keuangan Perangkat Daerah,1483.1849.97.422.1861,8871,7.01.01.2.02.08,Penyusunan Pelaporan dan Analisis Prognosis Realisasi Anggaran,3600000,3600000,5.1.02.01.01.0024,Belanja Alat/Bahan untuk Kegiatan Kantor-Alat Tulis Kantor,1330400
0,0,0,0,0,669600,0,0,0,0,0,0,1483,7.01.0.00.0.00.34.0000,KECAMATAN RANCABUNGUR,7.01.0.00.0.00.34.01,Sekretariat Kecamatan Rancabungur,7.01,KECAMATAN,7.01.01,PROGRAM PENUNJANG URUSAN PEMERINTAHAN DAERAH KABUPATEN/KOTA,7.01.01.2.02,Administrasi Keuangan Perangkat Daerah,1483.1849.97.422.1861,8871,7.01.01.2.02.08,Penyusunan Pelaporan dan Analisis Prognosis Realisasi Anggaran,3600000,3600000,5.1.02.01.01.0026,Belanja Alat/Bahan untuk Kegiatan Kantor- Bahan Cetak,669600
0,0,0,0,0,1600000,0,0,0,0,0,0,1483,7.01.0.00.0.00.34.0000,KECAMATAN RANCABUNGUR,7.01.0.00.0.00.34.01,Sekretariat Kecamatan Rancabungur,7.01,KECAMATAN,7.01.01,PROGRAM PENUNJANG URUSAN PEMERINTAHAN DAERAH KABUPATEN/KOTA,7.01.01.2.02,Administrasi Keuangan Perangkat Daerah,1483.1849.97.422.1861,8871,7.01.01.2.02.08,Penyusunan Pelaporan dan Analisis Prognosis Realisasi Anggaran,3600000,3600000,5.1.02.01.01.0052,Belanja Makanan dan Minuman Rapat,1600000
0,0,0,909000,0,0,0,0,0,0,909000,0,1483,7.01.0.00.0.00.34.0000,KECAMATAN RANCABUNGUR,7.01.0.00.0.00.34.01,Sekretariat Kecamatan Rancabungur,7.01,KECAMATAN,7.01.01,PROGRAM PENUNJANG URUSAN PEMERINTAHAN DAERAH KABUPATEN/KOTA,7.01.01.2.03,Administrasi Barang Milik Daerah pada Perangkat Daerah,1483.1849.97.422.1862,8877,7.01.01.2.03.06,Penatausahaan Barang Milik Daerah pada SKPD,5000000,5000000,5.1.02.01.01.0024,Belanja Alat/Bahan untuk Kegiatan Kantor-Alat Tulis Kantor,1818000
0,0,0,391000,0,0,0,0,0,0,391000,0,1483,7.01.0.00.0.00.34.0000,KECAMATAN RANCABUNGUR,7.01.0.00.0.00.34.01,Sekretariat Kecamatan Rancabungur,7.01,KECAMATAN,7.01.01,PROGRAM PENUNJANG URUSAN PEMERINTAHAN DAERAH KABUPATEN/KOTA,7.01.01.2.03,Administrasi Barang Milik Daerah pada Perangkat Daerah,1483.1849.97.422.1862,8877,7.01.01.2.03.06,Penatausahaan Barang Milik Daerah pada SKPD,5000000,5000000,5.1.02.01.01.0026,Belanja Alat/Bahan untuk Kegiatan Kantor- Bahan Cetak,782000
0,0,0,1200000,0,0,0,0,0,0,1200000,0,1483,7.01.0.00.0.00.34.0000,KECAMATAN RANCABUNGUR,7.01.0.00.0.00.34.01,Sekretariat Kecamatan Rancabungur,7.01,KECAMATAN,7.01.01,PROGRAM PENUNJANG URUSAN PEMERINTAHAN DAERAH KABUPATEN/KOTA,7.01.01.2.03,Administrasi Barang Milik Daerah pada Perangkat Daerah,1483.1849.97.422.1862,8877,7.01.01.2.03.06,Penatausahaan Barang Milik Daerah pada SKPD,5000000,5000000,5.1.02.01.01.0052,Belanja Makanan dan Minuman Rapat,2400000
0,0,0,0,0,0,0,0,0,0,0,0,1483,7.01.0.00.0.00.34.0000,KECAMATAN RANCABUNGUR,7.01.0.00.0.00.34.01,Sekretariat Kecamatan Rancabungur,7.01,KECAMATAN,7.01.01,PROGRAM PENUNJANG URUSAN PEMERINTAHAN DAERAH KABUPATEN/KOTA,7.01.01.2.05,Administrasi Kepegawaian Perangkat Daerah,1483.1849.97.422.1864,8887,7.01.01.2.05.02,Pengadaan Pakaian Dinas Beserta Atribut Kelengkapannya,0,15180000,5.1.02.01.01.0076,Belanja Pakaian Olahraga,0
0,0,0,0,24520200,0,0,0,0,0,0,0,1483,7.01.0.00.0.00.34.0000,KECAMATAN RANCABUNGUR,7.01.0.00.0.00.34.01,Sekretariat Kecamatan Rancabungur,7.01,KECAMATAN,7.01.01,PROGRAM PENUNJANG URUSAN PEMERINTAHAN DAERAH KABUPATEN/KOTA,7.01.01.2.06,Administrasi Umum Perangkat Daerah,1483.1849.97.422.1865,8898,7.01.01.2.06.02,Penyediaan Peralatan dan Perlengkapan Kantor,27910000,27910000,5.1.02.01.01.0024,Belanja Alat/Bahan untuk Kegiatan Kantor-Alat Tulis Kantor,24520200
0,0,0,0,3389800,0,0,0,0,0,0,0,1483,7.01.0.00.0.00.34.0000,KECAMATAN RANCABUNGUR,7.01.0.00.0.00.34.01,Sekretariat Kecamatan Rancabungur,7.01,KECAMATAN,7.01.01,PROGRAM PENUNJANG URUSAN PEMERINTAHAN DAERAH KABUPATEN/KOTA,7.01.01.2.06,Administrasi Umum Perangkat Daerah,1483.1849.97.422.1865,8898,7.01.01.2.06.02,Penyediaan Peralatan dan Perlengkapan Kantor,27910000,27910000,5.1.02.01.01.0026,Belanja Alat/Bahan untuk Kegiatan Kantor- Bahan Cetak,3389800
0,0,600000,0,0,300000,450000,0,0,450000,0,0,1483,7.01.0.00.0.00.34.0000,KECAMATAN RANCABUNGUR,7.01.0.00.0.00.34.01,Sekretariat Kecamatan Rancabungur,7.01,KECAMATAN,7.01.01,PROGRAM PENUNJANG URUSAN PEMERINTAHAN DAERAH KABUPATEN/KOTA,7.01.01.2.06,Administrasi Umum Perangkat Daerah,1483.1849.97.422.1865,8900,7.01.01.2.06.04,Penyediaan Bahan Logistik Kantor,1800000,1800000,5.1.02.01.01.0030,Belanja Alat/Bahan untuk Kegiatan Kantor-Perabot Kantor,1800000
0,0,5000000,0,0,0,0,0,0,0,0,0,1483,7.01.0.00.0.00.34.0000,KECAMATAN RANCABUNGUR,7.01.0.00.0.00.34.01,Sekretariat Kecamatan Rancabungur,7.01,KECAMATAN,7.01.01,PROGRAM PENUNJANG URUSAN PEMERINTAHAN DAERAH KABUPATEN/KOTA,7.01.01.2.06,Administrasi Umum Perangkat Daerah,1483.1849.97.422.1865,8901,7.01.01.2.06.05,Penyediaan Barang Cetakan dan Penggandaan,5000000,5000000,5.1.02.01.01.0026,Belanja Alat/Bahan untuk Kegiatan Kantor- Bahan Cetak,5000000
0,0,14400000,0,12800000,0,14400000,0,0,0,14400000,0,1483,7.01.0.00.0.00.34.0000,KECAMATAN RANCABUNGUR,7.01.0.00.0.00.34.01,Sekretariat Kecamatan Rancabungur,7.01,KECAMATAN,7.01.01,PROGRAM PENUNJANG URUSAN PEMERINTAHAN DAERAH KABUPATEN/KOTA,7.01.01.2.06,Administrasi Umum Perangkat Daerah,1483.1849.97.422.1865,8904,7.01.01.2.06.08,Fasilitasi Kunjungan Tamu,72000000,72000000,5.1.02.01.01.0052,Belanja Makanan dan Minuman Rapat,56000000
0,0,0,8000000,0,0,0,8000000,0,0,0,0,1483,7.01.0.00.0.00.34.0000,KECAMATAN RANCABUNGUR,7.01.0.00.0.00.34.01,Sekretariat Kecamatan Rancabungur,7.01,KECAMATAN,7.01.01,PROGRAM PENUNJANG URUSAN PEMERINTAHAN DAERAH KABUPATEN/KOTA,7.01.01.2.06,Administrasi Umum Perangkat Daerah,1483.1849.97.422.1865,8904,7.01.01.2.06.08,Fasilitasi Kunjungan Tamu,72000000,72000000,5.1.02.01.01.0053,Belanja Makanan dan Minuman Jamuan Tamu,16000000
0,0,2280000,28440000,0,0,0,15360000,0,15360000,0,0,1483,7.01.0.00.0.00.34.0000,KECAMATAN RANCABUNGUR,7.01.0.00.0.00.34.01,Sekretariat Kecamatan Rancabungur,7.01,KECAMATAN,7.01.01,PROGRAM PENUNJANG URUSAN PEMERINTAHAN DAERAH KABUPATEN/KOTA,7.01.01.2.06,Administrasi Umum Perangkat Daerah,1483.1849.97.422.1865,8905,7.01.01.2.06.09,Penyelenggaraan Rapat Koordinasi dan Konsultasi SKPD,61440000,61440000,5.1.02.04.01.0003,Belanja Perjalanan Dinas Dalam Kota,61440000
0,0,0,0,0,6000000,0,0,0,0,0,0,1483,7.01.0.00.0.00.34.0000,KECAMATAN RANCABUNGUR,7.01.0.00.0.00.34.01,Sekretariat Kecamatan Rancabungur,7.01,KECAMATAN,7.01.01,PROGRAM PENUNJANG URUSAN PEMERINTAHAN DAERAH KABUPATEN/KOTA,7.01.01.2.07,Pengadaan Barang Milik Daerah Penunjang Urusan Pemerintah Daerah,1483.1849.97.422.1866,8916,7.01.01.2.07.09,Pengadaan Gedung Kantor atau Bangunan Lainnya,8099999875,8100000000,5.1.02.02.04.0037,Belanja Sewa Kendaraan Bermotor Angkutan Barang,6000000
0,0,0,0,0,30000000,0,0,0,0,0,0,1483,7.01.0.00.0.00.34.0000,KECAMATAN RANCABUNGUR,7.01.0.00.0.00.34.01,Sekretariat Kecamatan Rancabungur,7.01,KECAMATAN,7.01.01,PROGRAM PENUNJANG URUSAN PEMERINTAHAN DAERAH KABUPATEN/KOTA,7.01.01.2.07,Pengadaan Barang Milik Daerah Penunjang Urusan Pemerintah Daerah,1483.1849.97.422.1866,8916,7.01.01.2.07.09,Pengadaan Gedung Kantor atau Bangunan Lainnya,8099999875,8100000000,5.1.02.02.05.0001,Belanja Sewa Bangunan Gedung Kantor,30000000
0,0,0,0,0,331529000,541533000,3595468945,0,3595468930,0,0,1483,7.01.0.00.0.00.34.0000,KECAMATAN RANCABUNGUR,7.01.0.00.0.00.34.01,Sekretariat Kecamatan Rancabungur,7.01,KECAMATAN,7.01.01,PROGRAM PENUNJANG URUSAN PEMERINTAHAN DAERAH KABUPATEN/KOTA,7.01.01.2.07,Pengadaan Barang Milik Daerah Penunjang Urusan Pemerintah Daerah,1483.1849.97.422.1866,8916,7.01.01.2.07.09,Pengadaan Gedung Kantor atau Bangunan Lainnya,8099999875,8100000000,5.2.03.01.01.0001,Belanja Modal Bangunan Gedung Kantor,8063999875
0,0,0,0,0,0,0,0,0,0,0,0,1483,7.01.0.00.0.00.34.0000,KECAMATAN RANCABUNGUR,7.01.0.00.0.00.34.01,Sekretariat Kecamatan Rancabungur,7.01,KECAMATAN,7.01.01,PROGRAM PENUNJANG URUSAN PEMERINTAHAN DAERAH KABUPATEN/KOTA,7.01.01.2.07,Pengadaan Barang Milik Daerah Penunjang Urusan Pemerintah Daerah,1483.1849.97.422.1866,8916,7.01.01.2.07.09,Pengadaan Gedung Kantor atau Bangunan Lainnya,8099999875,8100000000,5.2.03.01.01.0008,Belanja Modal Bangunan Gedung Tempat Ibadah,0
0,0,0,0,0,0,0,0,0,0,0,0,1483,7.01.0.00.0.00.34.0000,KECAMATAN RANCABUNGUR,7.01.0.00.0.00.34.01,Sekretariat Kecamatan Rancabungur,7.01,KECAMATAN,7.01.01,PROGRAM PENUNJANG URUSAN PEMERINTAHAN DAERAH KABUPATEN/KOTA,7.01.01.2.07,Pengadaan Barang Milik Daerah Penunjang Urusan Pemerintah Daerah,1483.1849.97.422.1866,8916,7.01.01.2.07.09,Pengadaan Gedung Kantor atau Bangunan Lainnya,8099999875,8100000000,5.2.03.01.02.0003,Belanja Modal Rumah Negara Golongan III,0
0,0,0,0,0,0,0,0,0,0,0,0,1483,7.01.0.00.0.00.34.0000,KECAMATAN RANCABUNGUR,7.01.0.00.0.00.34.01,Sekretariat Kecamatan Rancabungur,7.01,KECAMATAN,7.01.01,PROGRAM PENUNJANG URUSAN PEMERINTAHAN DAERAH KABUPATEN/KOTA,7.01.01.2.07,Pengadaan Barang Milik Daerah Penunjang Urusan Pemerintah Daerah,1483.1849.97.422.1866,8916,7.01.01.2.07.09,Pengadaan Gedung Kantor atau Bangunan Lainnya,8099999875,8100000000,5.2.03.04.01.0004,Belanja Modal Pagar,0
0,0,6699600,0,0,0,0,0,0,0,0,0,1483,7.01.0.00.0.00.34.0000,KECAMATAN RANCABUNGUR,7.01.0.00.0.00.34.01,Sekretariat Kecamatan Rancabungur,7.01,KECAMATAN,7.01.01,PROGRAM PENUNJANG URUSAN PEMERINTAHAN DAERAH KABUPATEN/KOTA,7.01.01.2.08,Penyediaan Jasa Penunjang Urusan Pemerintahan Daerah,1483.1849.97.422.1867,8919,7.01.01.2.08.01,Penyediaan Jasa Surat Menyurat,10179600,10179600,5.1.02.01.01.0024,Belanja Alat/Bahan untuk Kegiatan Kantor-Alat Tulis Kantor,6699600
0,0,780000,0,0,0,0,0,0,0,0,0,1483,7.01.0.00.0.00.34.0000,KECAMATAN RANCABUNGUR,7.01.0.00.0.00.34.01,Sekretariat Kecamatan Rancabungur,7.01,KECAMATAN,7.01.01,PROGRAM PENUNJANG URUSAN PEMERINTAHAN DAERAH KABUPATEN/KOTA,7.01.01.2.08,Penyediaan Jasa Penunjang Urusan Pemerintahan Daerah,1483.1849.97.422.1867,8919,7.01.01.2.08.01,Penyediaan Jasa Surat Menyurat,10179600,10179600,5.1.02.01.01.0026,Belanja Alat/Bahan untuk Kegiatan Kantor- Bahan Cetak,780000
0,0,1350000,1350000,0,0,0,0,0,0,0,0,1483,7.01.0.00.0.00.34.0000,KECAMATAN RANCABUNGUR,7.01.0.00.0.00.34.01,Sekretariat Kecamatan Rancabungur,7.01,KECAMATAN,7.01.01,PROGRAM PENUNJANG URUSAN PEMERINTAHAN DAERAH KABUPATEN/KOTA,7.01.01.2.08,Penyediaan Jasa Penunjang Urusan Pemerintahan Daerah,1483.1849.97.422.1867,8919,7.01.01.2.08.01,Penyediaan Jasa Surat Menyurat,10179600,10179600,5.1.02.01.01.0027,Belanja Alat/Bahan untuk Kegiatan Kantor-Benda Pos,2700000
0,1574600,0,10425400,0,0,6000000,0,0,6000000,0,0,1483,7.01.0.00.0.00.34.0000,KECAMATAN RANCABUNGUR,7.01.0.00.0.00.34.01,Sekretariat Kecamatan Rancabungur,7.01,KECAMATAN,7.01.01,PROGRAM PENUNJANG URUSAN PEMERINTAHAN DAERAH KABUPATEN/KOTA,7.01.01.2.08,Penyediaan Jasa Penunjang Urusan Pemerintahan Daerah,1483.1849.97.422.1867,8920,7.01.01.2.08.02,"Penyediaan Jasa Komunikasi, Sumber Daya Air dan Listrik",24000000,24000000,5.1.02.02.01.0061,Belanja Tagihan Listrik,24000000
17900000,17900000,17900000,17900000,17900000,17900000,17900000,17900000,17900000,17900000,17900000,17900000,1483,7.01.0.00.0.00.34.0000,KECAMATAN RANCABUNGUR,7.01.0.00.0.00.34.01,Sekretariat Kecamatan Rancabungur,7.01,KECAMATAN,7.01.01,PROGRAM PENUNJANG URUSAN PEMERINTAHAN DAERAH KABUPATEN/KOTA,7.01.01.2.08,Penyediaan Jasa Penunjang Urusan Pemerintahan Daerah,1483.1849.97.422.1867,8922,7.01.01.2.08.04,Penyediaan Jasa Pelayanan Umum Kantor,376339752,375442263,5.1.02.02.01.0028,Belanja Jasa Tenaga Pelayanan Umum,214800000
5100000,5100000,5100000,5100000,5100000,5100000,5100000,5100000,5100000,5100000,5100000,5100000,1483,7.01.0.00.0.00.34.0000,KECAMATAN RANCABUNGUR,7.01.0.00.0.00.34.01,Sekretariat Kecamatan Rancabungur,7.01,KECAMATAN,7.01.01,PROGRAM PENUNJANG URUSAN PEMERINTAHAN DAERAH KABUPATEN/KOTA,7.01.01.2.08,Penyediaan Jasa Penunjang Urusan Pemerintahan Daerah,1483.1849.97.422.1867,8922,7.01.01.2.08.04,Penyediaan Jasa Pelayanan Umum Kantor,376339752,375442263,5.1.02.02.01.0030,Belanja Jasa Tenaga Kebersihan,61200000
6000000,6000000,6000000,6000000,6000000,6000000,6000000,6000000,6000000,6000000,6000000,6000000,1483,7.01.0.00.0.00.34.0000,KECAMATAN RANCABUNGUR,7.01.0.00.0.00.34.01,Sekretariat Kecamatan Rancabungur,7.01,KECAMATAN,7.01.01,PROGRAM PENUNJANG URUSAN PEMERINTAHAN DAERAH KABUPATEN/KOTA,7.01.01.2.08,Penyediaan Jasa Penunjang Urusan Pemerintahan Daerah,1483.1849.97.422.1867,8922,7.01.01.2.08.04,Penyediaan Jasa Pelayanan Umum Kantor,376339752,375442263,5.1.02.02.01.0031,Belanja Jasa Tenaga Keamanan,72000000
0,0,0,9446584,2361646,2361646,2361646,2361646,2361646,2361646,2361646,2361646,1483,7.01.0.00.0.00.34.0000,KECAMATAN RANCABUNGUR,7.01.0.00.0.00.34.01,Sekretariat Kecamatan Rancabungur,7.01,KECAMATAN,7.01.01,PROGRAM PENUNJANG URUSAN PEMERINTAHAN DAERAH KABUPATEN/KOTA,7.01.01.2.08,Penyediaan Jasa Penunjang Urusan Pemerintahan Daerah,1483.1849.97.422.1867,8922,7.01.01.2.08.04,Penyediaan Jasa Pelayanan Umum Kantor,376339752,375442263,5.1.02.02.02.0005,Belanja Iuran Jaminan Kesehatan bagi Non ASN,28339752
0,0,10500000,0,10500000,0,0,10500000,0,10500000,0,0,1483,7.01.0.00.0.00.34.0000,KECAMATAN RANCABUNGUR,7.01.0.00.0.00.34.01,Sekretariat Kecamatan Rancabungur,7.01,KECAMATAN,7.01.01,PROGRAM PENUNJANG URUSAN PEMERINTAHAN DAERAH KABUPATEN/KOTA,7.01.01.2.09,Pemeliharaan Barang Milik Daerah Penunjang Urusan Pemerintahan Daerah,1483.1849.97.422.1868,8924,7.01.01.2.09.02,"Penyediaan Jasa Pemeliharaan, Biaya Pemeliharaan, Pajak, dan Perizinan Kendaraan Dinas Operasional atau Lapangan",45600000,45600000,5.1.02.03.02.0035,Belanja Pemeliharaan Alat Angkutan-Alat Angkutan Darat Bermotor-Kendaraan Dinas Bermotor Perorangan,42000000
0,0,1800000,0,0,0,0,0,1800000,0,0,0,1483,7.01.0.00.0.00.34.0000,KECAMATAN RANCABUNGUR,7.01.0.00.0.00.34.01,Sekretariat Kecamatan Rancabungur,7.01,KECAMATAN,7.01.01,PROGRAM PENUNJANG URUSAN PEMERINTAHAN DAERAH KABUPATEN/KOTA,7.01.01.2.09,Pemeliharaan Barang Milik Daerah Penunjang Urusan Pemerintahan Daerah,1483.1849.97.422.1868,8924,7.01.01.2.09.02,"Penyediaan Jasa Pemeliharaan, Biaya Pemeliharaan, Pajak, dan Perizinan Kendaraan Dinas Operasional atau Lapangan",45600000,45600000,5.1.02.03.02.0038,Belanja Pemeliharaan Alat Angkutan-Alat Angkutan Darat Bermotor-Kendaraan Bermotor Beroda Dua,3600000
0,0,2813200,1103150,0,0,552150,0,0,551000,0,0,1483,7.01.0.00.0.00.34.0000,KECAMATAN RANCABUNGUR,7.01.0.00.0.00.34.01,Sekretariat Kecamatan Rancabungur,7.01,KECAMATAN,7.01.02,PROGRAM PENYELENGGARAAN PEMERINTAHAN DAN PELAYANAN PUBLIK,7.01.02.2.01,Koordinasi Penyelenggaraan Kegiatan Pemerintahan di Tingkat Kecamatan,1483.1849.97.427.1819,8291,7.01.02.2.01.01,Koordinasi/Sinergi Perencanaan dan Pelaksanaan Kegiatan Pemerintahan dengan Perangkat Daerah dan Instansi Vertikal Terkait,58604000,58604000,5.1.02.01.01.0024,Belanja Alat/Bahan untuk Kegiatan Kantor-Alat Tulis Kantor,5019500
0,0,4792000,140000,0,0,570000,0,0,570000,0,0,1483,7.01.0.00.0.00.34.0000,KECAMATAN RANCABUNGUR,7.01.0.00.0.00.34.01,Sekretariat Kecamatan Rancabungur,7.01,KECAMATAN,7.01.02,PROGRAM PENYELENGGARAAN PEMERINTAHAN DAN PELAYANAN PUBLIK,7.01.02.2.01,Koordinasi Penyelenggaraan Kegiatan Pemerintahan di Tingkat Kecamatan,1483.1849.97.427.1819,8291,7.01.02.2.01.01,Koordinasi/Sinergi Perencanaan dan Pelaksanaan Kegiatan Pemerintahan dengan Perangkat Daerah dan Instansi Vertikal Terkait,58604000,58604000,5.1.02.01.01.0026,Belanja Alat/Bahan untuk Kegiatan Kantor- Bahan Cetak,6072000
0,0,18000000,4800000,0,0,3200000,0,0,4800000,0,0,1483,7.01.0.00.0.00.34.0000,KECAMATAN RANCABUNGUR,7.01.0.00.0.00.34.01,Sekretariat Kecamatan Rancabungur,7.01,KECAMATAN,7.01.02,PROGRAM PENYELENGGARAAN PEMERINTAHAN DAN PELAYANAN PUBLIK,7.01.02.2.01,Koordinasi Penyelenggaraan Kegiatan Pemerintahan di Tingkat Kecamatan,1483.1849.97.427.1819,8291,7.01.02.2.01.01,Koordinasi/Sinergi Perencanaan dan Pelaksanaan Kegiatan Pemerintahan dengan Perangkat Daerah dan Instansi Vertikal Terkait,58604000,58604000,5.1.02.01.01.0052,Belanja Makanan dan Minuman Rapat,30800000
0,0,3150000,1000000,0,0,0,0,0,0,0,0,1483,7.01.0.00.0.00.34.0000,KECAMATAN RANCABUNGUR,7.01.0.00.0.00.34.01,Sekretariat Kecamatan Rancabungur,7.01,KECAMATAN,7.01.02,PROGRAM PENYELENGGARAAN PEMERINTAHAN DAN PELAYANAN PUBLIK,7.01.02.2.01,Koordinasi Penyelenggaraan Kegiatan Pemerintahan di Tingkat Kecamatan,1483.1849.97.427.1819,8291,7.01.02.2.01.01,Koordinasi/Sinergi Perencanaan dan Pelaksanaan Kegiatan Pemerintahan dengan Perangkat Daerah dan Instansi Vertikal Terkait,58604000,58604000,5.1.02.01.01.0053,Belanja Makanan dan Minuman Jamuan Tamu,4150000
0,0,0,2000000,0,0,0,0,0,2000000,0,0,1483,7.01.0.00.0.00.34.0000,KECAMATAN RANCABUNGUR,7.01.0.00.0.00.34.01,Sekretariat Kecamatan Rancabungur,7.01,KECAMATAN,7.01.02,PROGRAM PENYELENGGARAAN PEMERINTAHAN DAN PELAYANAN PUBLIK,7.01.02.2.01,Koordinasi Penyelenggaraan Kegiatan Pemerintahan di Tingkat Kecamatan,1483.1849.97.427.1819,8291,7.01.02.2.01.01,Koordinasi/Sinergi Perencanaan dan Pelaksanaan Kegiatan Pemerintahan dengan Perangkat Daerah dan Instansi Vertikal Terkait,58604000,58604000,5.1.02.02.01.0003,"Honorarium Narasumber atau Pembahas, Moderator, Pembawa Acara, dan Panitia",4000000
0,0,0,4500000,0,0,0,0,0,0,0,0,1483,7.01.0.00.0.00.34.0000,KECAMATAN RANCABUNGUR,7.01.0.00.0.00.34.01,Sekretariat Kecamatan Rancabungur,7.01,KECAMATAN,7.01.02,PROGRAM PENYELENGGARAAN PEMERINTAHAN DAN PELAYANAN PUBLIK,7.01.02.2.01,Koordinasi Penyelenggaraan Kegiatan Pemerintahan di Tingkat Kecamatan,1483.1849.97.427.1819,8291,7.01.02.2.01.01,Koordinasi/Sinergi Perencanaan dan Pelaksanaan Kegiatan Pemerintahan dengan Perangkat Daerah dan Instansi Vertikal Terkait,58604000,58604000,5.1.02.02.04.0118,Belanja Sewa Mebel,4500000
0,0,0,1562500,0,0,0,0,0,0,0,0,1483,7.01.0.00.0.00.34.0000,KECAMATAN RANCABUNGUR,7.01.0.00.0.00.34.01,Sekretariat Kecamatan Rancabungur,7.01,KECAMATAN,7.01.02,PROGRAM PENYELENGGARAAN PEMERINTAHAN DAN PELAYANAN PUBLIK,7.01.02.2.01,Koordinasi Penyelenggaraan Kegiatan Pemerintahan di Tingkat Kecamatan,1483.1849.97.427.1819,8291,7.01.02.2.01.01,Koordinasi/Sinergi Perencanaan dan Pelaksanaan Kegiatan Pemerintahan dengan Perangkat Daerah dan Instansi Vertikal Terkait,58604000,58604000,5.1.02.02.04.0132,Belanja Sewa Peralatan Studio Audio,1562500
0,0,0,2500000,0,0,0,0,0,0,0,0,1483,7.01.0.00.0.00.34.0000,KECAMATAN RANCABUNGUR,7.01.0.00.0.00.34.01,Sekretariat Kecamatan Rancabungur,7.01,KECAMATAN,7.01.02,PROGRAM PENYELENGGARAAN PEMERINTAHAN DAN PELAYANAN PUBLIK,7.01.02.2.01,Koordinasi Penyelenggaraan Kegiatan Pemerintahan di Tingkat Kecamatan,1483.1849.97.427.1819,8291,7.01.02.2.01.01,Koordinasi/Sinergi Perencanaan dan Pelaksanaan Kegiatan Pemerintahan dengan Perangkat Daerah dan Instansi Vertikal Terkait,58604000,58604000,5.1.02.02.04.0355,Belanja Sewa Peralatan Umum,2500000
0,0,700900,0,678800,885100,0,0,678800,0,678800,0,1483,7.01.0.00.0.00.34.0000,KECAMATAN RANCABUNGUR,7.01.0.00.0.00.34.01,Sekretariat Kecamatan Rancabungur,7.01,KECAMATAN,7.01.02,PROGRAM PENYELENGGARAAN PEMERINTAHAN DAN PELAYANAN PUBLIK,7.01.02.2.01,Koordinasi Penyelenggaraan Kegiatan Pemerintahan di Tingkat Kecamatan,1483.1849.97.427.1819,8292,7.01.02.2.01.02,Peningkatan Efektifitas Kegiatan Pemerintahan di Tingkat Kecamatan,30288800,30288800,5.1.02.01.01.0024,Belanja Alat/Bahan untuk Kegiatan Kantor-Alat Tulis Kantor,3622400
0,0,1430000,0,980000,1046400,0,0,1430000,0,980000,0,1483,7.01.0.00.0.00.34.0000,KECAMATAN RANCABUNGUR,7.01.0.00.0.00.34.01,Sekretariat Kecamatan Rancabungur,7.01,KECAMATAN,7.01.02,PROGRAM PENYELENGGARAAN PEMERINTAHAN DAN PELAYANAN PUBLIK,7.01.02.2.01,Koordinasi Penyelenggaraan Kegiatan Pemerintahan di Tingkat Kecamatan,1483.1849.97.427.1819,8292,7.01.02.2.01.02,Peningkatan Efektifitas Kegiatan Pemerintahan di Tingkat Kecamatan,30288800,30288800,5.1.02.01.01.0026,Belanja Alat/Bahan untuk Kegiatan Kantor- Bahan Cetak,5866400
0,0,6400000,0,3200000,1600000,0,0,4800000,0,4800000,0,1483,7.01.0.00.0.00.34.0000,KECAMATAN RANCABUNGUR,7.01.0.00.0.00.34.01,Sekretariat Kecamatan Rancabungur,7.01,KECAMATAN,7.01.02,PROGRAM PENYELENGGARAAN PEMERINTAHAN DAN PELAYANAN PUBLIK,7.01.02.2.01,Koordinasi Penyelenggaraan Kegiatan Pemerintahan di Tingkat Kecamatan,1483.1849.97.427.1819,8292,7.01.02.2.01.02,Peningkatan Efektifitas Kegiatan Pemerintahan di Tingkat Kecamatan,30288800,30288800,5.1.02.01.01.0052,Belanja Makanan dan Minuman Rapat,20800000
0,0,789900,310900,0,267600,314350,277750,475100,0,226000,0,1483,7.01.0.00.0.00.34.0000,KECAMATAN RANCABUNGUR,7.01.0.00.0.00.34.01,Sekretariat Kecamatan Rancabungur,7.01,KECAMATAN,7.01.02,PROGRAM PENYELENGGARAAN PEMERINTAHAN DAN PELAYANAN PUBLIK,7.01.02.2.02,Penyelenggaraan Urusan Pemerintahan yang tidak Dilaksanakan oleh Unit Kerja Perangkat Daerah yang ada di Kecamatan,1483.1849.97.427.1820,8294,7.01.02.2.02.02,Fasilitasi Percepatan Pencapaian Standar Pelayanan Minimal di Wilayah Kecamatan,47962000,47962000,5.1.02.01.01.0024,Belanja Alat/Bahan untuk Kegiatan Kantor-Alat Tulis Kantor,2661600
0,0,1590400,530000,0,530000,530000,530000,1060000,0,530000,0,1483,7.01.0.00.0.00.34.0000,KECAMATAN RANCABUNGUR,7.01.0.00.0.00.34.01,Sekretariat Kecamatan Rancabungur,7.01,KECAMATAN,7.01.02,PROGRAM PENYELENGGARAAN PEMERINTAHAN DAN PELAYANAN PUBLIK,7.01.02.2.02,Penyelenggaraan Urusan Pemerintahan yang tidak Dilaksanakan oleh Unit Kerja Perangkat Daerah yang ada di Kecamatan,1483.1849.97.427.1820,8294,7.01.02.2.02.02,Fasilitasi Percepatan Pencapaian Standar Pelayanan Minimal di Wilayah Kecamatan,47962000,47962000,5.1.02.01.01.0026,Belanja Alat/Bahan untuk Kegiatan Kantor- Bahan Cetak,5300400
0,0,8000000,4000000,0,8000000,4000000,4000000,8000000,0,4000000,0,1483,7.01.0.00.0.00.34.0000,KECAMATAN RANCABUNGUR,7.01.0.00.0.00.34.01,Sekretariat Kecamatan Rancabungur,7.01,KECAMATAN,7.01.02,PROGRAM PENYELENGGARAAN PEMERINTAHAN DAN PELAYANAN PUBLIK,7.01.02.2.02,Penyelenggaraan Urusan Pemerintahan yang tidak Dilaksanakan oleh Unit Kerja Perangkat Daerah yang ada di Kecamatan,1483.1849.97.427.1820,8294,7.01.02.2.02.02,Fasilitasi Percepatan Pencapaian Standar Pelayanan Minimal di Wilayah Kecamatan,47962000,47962000,5.1.02.01.01.0052,Belanja Makanan dan Minuman Rapat,40000000
0,0,0,1287750,1287750,454750,1287750,454750,454750,1287750,454750,0,1483,7.01.0.00.0.00.34.0000,KECAMATAN RANCABUNGUR,7.01.0.00.0.00.34.01,Sekretariat Kecamatan Rancabungur,7.01,KECAMATAN,7.01.02,PROGRAM PENYELENGGARAAN PEMERINTAHAN DAN PELAYANAN PUBLIK,7.01.02.2.02,Penyelenggaraan Urusan Pemerintahan yang tidak Dilaksanakan oleh Unit Kerja Perangkat Daerah yang ada di Kecamatan,1483.1849.97.427.1820,8295,7.01.02.2.02.03,Peningkatan Efektifitas Pelaksanaan Pelayanan kepada Masyarakat di Wilayah Kecamatan,31773600,31773600,5.1.02.01.01.0024,Belanja Alat/Bahan untuk Kegiatan Kantor-Alat Tulis Kantor,6970000
0,0,0,1060000,1063600,530000,1060000,570000,530000,1060000,530000,0,1483,7.01.0.00.0.00.34.0000,KECAMATAN RANCABUNGUR,7.01.0.00.0.00.34.01,Sekretariat Kecamatan Rancabungur,7.01,KECAMATAN,7.01.02,PROGRAM PENYELENGGARAAN PEMERINTAHAN DAN PELAYANAN PUBLIK,7.01.02.2.02,Penyelenggaraan Urusan Pemerintahan yang tidak Dilaksanakan oleh Unit Kerja Perangkat Daerah yang ada di Kecamatan,1483.1849.97.427.1820,8295,7.01.02.2.02.03,Peningkatan Efektifitas Pelaksanaan Pelayanan kepada Masyarakat di Wilayah Kecamatan,31773600,31773600,5.1.02.01.01.0026,Belanja Alat/Bahan untuk Kegiatan Kantor- Bahan Cetak,6403600
0,0,0,1800000,1800000,3200000,1800000,3200000,3200000,1800000,1600000,0,1483,7.01.0.00.0.00.34.0000,KECAMATAN RANCABUNGUR,7.01.0.00.0.00.34.01,Sekretariat Kecamatan Rancabungur,7.01,KECAMATAN,7.01.02,PROGRAM PENYELENGGARAAN PEMERINTAHAN DAN PELAYANAN PUBLIK,7.01.02.2.02,Penyelenggaraan Urusan Pemerintahan yang tidak Dilaksanakan oleh Unit Kerja Perangkat Daerah yang ada di Kecamatan,1483.1849.97.427.1820,8295,7.01.02.2.02.03,Peningkatan Efektifitas Pelaksanaan Pelayanan kepada Masyarakat di Wilayah Kecamatan,31773600,31773600,5.1.02.01.01.0052,Belanja Makanan dan Minuman Rapat,18400000
0,0,0,495250,0,0,453250,0,495250,0,453250,0,1483,7.01.0.00.0.00.34.0000,KECAMATAN RANCABUNGUR,7.01.0.00.0.00.34.01,Sekretariat Kecamatan Rancabungur,7.01,KECAMATAN,7.01.02,PROGRAM PENYELENGGARAAN PEMERINTAHAN DAN PELAYANAN PUBLIK,7.01.02.2.04,Pelaksanaan Urusan Pemerintahan yang Dilimpahkan kepada Camat,1483.1849.97.427.1822,8298,7.01.02.2.04.01,Pelaksanaan Urusan Pemerintahan yang terkait dengan Pelayanan Perizinan Non Usaha,8977000,8977000,5.1.02.01.01.0024,Belanja Alat/Bahan untuk Kegiatan Kantor-Alat Tulis Kantor,1897000
0,0,0,570000,0,0,570000,0,570000,0,570000,0,1483,7.01.0.00.0.00.34.0000,KECAMATAN RANCABUNGUR,7.01.0.00.0.00.34.01,Sekretariat Kecamatan Rancabungur,7.01,KECAMATAN,7.01.02,PROGRAM PENYELENGGARAAN PEMERINTAHAN DAN PELAYANAN PUBLIK,7.01.02.2.04,Pelaksanaan Urusan Pemerintahan yang Dilimpahkan kepada Camat,1483.1849.97.427.1822,8298,7.01.02.2.04.01,Pelaksanaan Urusan Pemerintahan yang terkait dengan Pelayanan Perizinan Non Usaha,8977000,8977000,5.1.02.01.01.0026,Belanja Alat/Bahan untuk Kegiatan Kantor- Bahan Cetak,2280000
0,0,0,1200000,0,0,1200000,0,1200000,0,1200000,0,1483,7.01.0.00.0.00.34.0000,KECAMATAN RANCABUNGUR,7.01.0.00.0.00.34.01,Sekretariat Kecamatan Rancabungur,7.01,KECAMATAN,7.01.02,PROGRAM PENYELENGGARAAN PEMERINTAHAN DAN PELAYANAN PUBLIK,7.01.02.2.04,Pelaksanaan Urusan Pemerintahan yang Dilimpahkan kepada Camat,1483.1849.97.427.1822,8298,7.01.02.2.04.01,Pelaksanaan Urusan Pemerintahan yang terkait dengan Pelayanan Perizinan Non Usaha,8977000,8977000,5.1.02.01.01.0052,Belanja Makanan dan Minuman Rapat,4800000
0,0,0,0,0,495250,0,453250,0,495250,0,453250,1483,7.01.0.00.0.00.34.0000,KECAMATAN RANCABUNGUR,7.01.0.00.0.00.34.01,Sekretariat Kecamatan Rancabungur,7.01,KECAMATAN,7.01.02,PROGRAM PENYELENGGARAAN PEMERINTAHAN DAN PELAYANAN PUBLIK,7.01.02.2.04,Pelaksanaan Urusan Pemerintahan yang Dilimpahkan kepada Camat,1483.1849.97.427.1822,8299,7.01.02.2.04.02,Pelaksanaan Urusan Pemerintahan yang terkait dengan Nonperizinan,8977000,8977000,5.1.02.01.01.0024,Belanja Alat/Bahan untuk Kegiatan Kantor-Alat Tulis Kantor,1897000
0,0,0,0,0,570000,0,570000,0,570000,0,570000,1483,7.01.0.00.0.00.34.0000,KECAMATAN RANCABUNGUR,7.01.0.00.0.00.34.01,Sekretariat Kecamatan Rancabungur,7.01,KECAMATAN,7.01.02,PROGRAM PENYELENGGARAAN PEMERINTAHAN DAN PELAYANAN PUBLIK,7.01.02.2.04,Pelaksanaan Urusan Pemerintahan yang Dilimpahkan kepada Camat,1483.1849.97.427.1822,8299,7.01.02.2.04.02,Pelaksanaan Urusan Pemerintahan yang terkait dengan Nonperizinan,8977000,8977000,5.1.02.01.01.0026,Belanja Alat/Bahan untuk Kegiatan Kantor- Bahan Cetak,2280000
0,0,0,0,0,1200000,0,1200000,0,1200000,0,1200000,1483,7.01.0.00.0.00.34.0000,KECAMATAN RANCABUNGUR,7.01.0.00.0.00.34.01,Sekretariat Kecamatan Rancabungur,7.01,KECAMATAN,7.01.02,PROGRAM PENYELENGGARAAN PEMERINTAHAN DAN PELAYANAN PUBLIK,7.01.02.2.04,Pelaksanaan Urusan Pemerintahan yang Dilimpahkan kepada Camat,1483.1849.97.427.1822,8299,7.01.02.2.04.02,Pelaksanaan Urusan Pemerintahan yang terkait dengan Nonperizinan,8977000,8977000,5.1.02.01.01.0052,Belanja Makanan dan Minuman Rapat,4800000
0,0,0,0,0,0,0,0,0,0,1781600,0,1483,7.01.0.00.0.00.34.0000,KECAMATAN RANCABUNGUR,7.01.0.00.0.00.34.01,Sekretariat Kecamatan Rancabungur,7.01,KECAMATAN,7.01.03,PROGRAM PEMBERDAYAAN MASYARAKAT DESA DAN KELURAHAN,7.01.03.2.01,Koordinasi Kegiatan Pemberdayaan Desa,1483.1849.97.428.1823,8301,7.01.03.2.01.01,Peningkatan Partisipasi Masyarakat dalam Forum Musyawarah Perencanaan Pembangunan di Desa,7000000,7000000,5.1.02.01.01.0024,Belanja Alat/Bahan untuk Kegiatan Kantor-Alat Tulis Kantor,1781600
0,0,0,0,0,0,0,0,0,0,1618400,0,1483,7.01.0.00.0.00.34.0000,KECAMATAN RANCABUNGUR,7.01.0.00.0.00.34.01,Sekretariat Kecamatan Rancabungur,7.01,KECAMATAN,7.01.03,PROGRAM PEMBERDAYAAN MASYARAKAT DESA DAN KELURAHAN,7.01.03.2.01,Koordinasi Kegiatan Pemberdayaan Desa,1483.1849.97.428.1823,8301,7.01.03.2.01.01,Peningkatan Partisipasi Masyarakat dalam Forum Musyawarah Perencanaan Pembangunan di Desa,7000000,7000000,5.1.02.01.01.0026,Belanja Alat/Bahan untuk Kegiatan Kantor- Bahan Cetak,1618400
0,0,0,0,0,0,0,0,0,0,3600000,0,1483,7.01.0.00.0.00.34.0000,KECAMATAN RANCABUNGUR,7.01.0.00.0.00.34.01,Sekretariat Kecamatan Rancabungur,7.01,KECAMATAN,7.01.03,PROGRAM PEMBERDAYAAN MASYARAKAT DESA DAN KELURAHAN,7.01.03.2.01,Koordinasi Kegiatan Pemberdayaan Desa,1483.1849.97.428.1823,8301,7.01.03.2.01.01,Peningkatan Partisipasi Masyarakat dalam Forum Musyawarah Perencanaan Pembangunan di Desa,7000000,7000000,5.1.02.01.01.0052,Belanja Makanan dan Minuman Rapat,3600000
0,0,0,293000,293000,293000,293000,293000,293000,293000,293000,0,1483,7.01.0.00.0.00.34.0000,KECAMATAN RANCABUNGUR,7.01.0.00.0.00.34.01,Sekretariat Kecamatan Rancabungur,7.01,KECAMATAN,7.01.03,PROGRAM PEMBERDAYAAN MASYARAKAT DESA DAN KELURAHAN,7.01.03.2.01,Koordinasi Kegiatan Pemberdayaan Desa,1483.1849.97.428.1823,8303,7.01.03.2.01.03,Peningkatan Efektifitas Kegiatan Pemberdayaan Masyarakat di Wilayah Kecamatan,45000000,45000000,5.1.02.01.01.0024,Belanja Alat/Bahan untuk Kegiatan Kantor-Alat Tulis Kantor,2344000
0,0,0,918000,518000,980000,918000,518000,568000,918000,518000,0,1483,7.01.0.00.0.00.34.0000,KECAMATAN RANCABUNGUR,7.01.0.00.0.00.34.01,Sekretariat Kecamatan Rancabungur,7.01,KECAMATAN,7.01.03,PROGRAM PEMBERDAYAAN MASYARAKAT DESA DAN KELURAHAN,7.01.03.2.01,Koordinasi Kegiatan Pemberdayaan Desa,1483.1849.97.428.1823,8303,7.01.03.2.01.03,Peningkatan Efektifitas Kegiatan Pemberdayaan Masyarakat di Wilayah Kecamatan,45000000,45000000,5.1.02.01.01.0026,Belanja Alat/Bahan untuk Kegiatan Kantor- Bahan Cetak,5856000
0,0,0,6000000,3200000,6000000,6000000,3200000,3200000,6000000,3200000,0,1483,7.01.0.00.0.00.34.0000,KECAMATAN RANCABUNGUR,7.01.0.00.0.00.34.01,Sekretariat Kecamatan Rancabungur,7.01,KECAMATAN,7.01.03,PROGRAM PEMBERDAYAAN MASYARAKAT DESA DAN KELURAHAN,7.01.03.2.01,Koordinasi Kegiatan Pemberdayaan Desa,1483.1849.97.428.1823,8303,7.01.03.2.01.03,Peningkatan Efektifitas Kegiatan Pemberdayaan Masyarakat di Wilayah Kecamatan,45000000,45000000,5.1.02.01.01.0052,Belanja Makanan dan Minuman Rapat,36800000
0,0,0,9625000,0,0,9625000,0,0,0,0,0,1483,7.01.0.00.0.00.34.0000,KECAMATAN RANCABUNGUR,7.01.0.00.0.00.34.01,Sekretariat Kecamatan Rancabungur,7.01,KECAMATAN,7.01.03,PROGRAM PEMBERDAYAAN MASYARAKAT DESA DAN KELURAHAN,7.01.03.2.05,Koordinasi dan Sinkronisasi Pemberlakuan Pembatasan Kegiatan Masyarakat (PPKM),1483.1849.97.428.1882,9001,7.01.03.2.05.02,Penanganan Covid-19 di Tingkat Desa dan Kelurahan,75000000,0,5.1.02.01.01.0012,Belanja Bahan-Bahan Lainnya,19250000
0,0,0,281000,0,0,281000,0,0,0,0,0,1483,7.01.0.00.0.00.34.0000,KECAMATAN RANCABUNGUR,7.01.0.00.0.00.34.01,Sekretariat Kecamatan Rancabungur,7.01,KECAMATAN,7.01.03,PROGRAM PEMBERDAYAAN MASYARAKAT DESA DAN KELURAHAN,7.01.03.2.05,Koordinasi dan Sinkronisasi Pemberlakuan Pembatasan Kegiatan Masyarakat (PPKM),1483.1849.97.428.1882,9001,7.01.03.2.05.02,Penanganan Covid-19 di Tingkat Desa dan Kelurahan,75000000,0,5.1.02.01.01.0024,Belanja Alat/Bahan untuk Kegiatan Kantor-Alat Tulis Kantor,562000
0,0,0,1314000,0,0,1314000,0,0,0,0,0,1483,7.01.0.00.0.00.34.0000,KECAMATAN RANCABUNGUR,7.01.0.00.0.00.34.01,Sekretariat Kecamatan Rancabungur,7.01,KECAMATAN,7.01.03,PROGRAM PEMBERDAYAAN MASYARAKAT DESA DAN KELURAHAN,7.01.03.2.05,Koordinasi dan Sinkronisasi Pemberlakuan Pembatasan Kegiatan Masyarakat (PPKM),1483.1849.97.428.1882,9001,7.01.03.2.05.02,Penanganan Covid-19 di Tingkat Desa dan Kelurahan,75000000,0,5.1.02.01.01.0026,Belanja Alat/Bahan untuk Kegiatan Kantor- Bahan Cetak,2628000
0,0,0,12000000,0,0,12000000,0,0,0,0,0,1483,7.01.0.00.0.00.34.0000,KECAMATAN RANCABUNGUR,7.01.0.00.0.00.34.01,Sekretariat Kecamatan Rancabungur,7.01,KECAMATAN,7.01.03,PROGRAM PEMBERDAYAAN MASYARAKAT DESA DAN KELURAHAN,7.01.03.2.05,Koordinasi dan Sinkronisasi Pemberlakuan Pembatasan Kegiatan Masyarakat (PPKM),1483.1849.97.428.1882,9001,7.01.03.2.05.02,Penanganan Covid-19 di Tingkat Desa dan Kelurahan,75000000,0,5.1.02.01.01.0058,Belanja Makanan dan Minuman Aktivitas Lapangan,24000000
0,0,0,14280000,0,0,14280000,0,0,0,0,0,1483,7.01.0.00.0.00.34.0000,KECAMATAN RANCABUNGUR,7.01.0.00.0.00.34.01,Sekretariat Kecamatan Rancabungur,7.01,KECAMATAN,7.01.03,PROGRAM PEMBERDAYAAN MASYARAKAT DESA DAN KELURAHAN,7.01.03.2.05,Koordinasi dan Sinkronisasi Pemberlakuan Pembatasan Kegiatan Masyarakat (PPKM),1483.1849.97.428.1882,9001,7.01.03.2.05.02,Penanganan Covid-19 di Tingkat Desa dan Kelurahan,75000000,0,5.1.02.04.01.0003,Belanja Perjalanan Dinas Dalam Kota,28560000
0,0,0,595950,0,0,595950,0,562350,0,562350,0,1483,7.01.0.00.0.00.34.0000,KECAMATAN RANCABUNGUR,7.01.0.00.0.00.34.01,Sekretariat Kecamatan Rancabungur,7.01,KECAMATAN,7.01.04,PROGRAM KOORDINASI KETENTRAMAN DAN KETERTIBAN UMUM,7.01.04.2.01,Koordinasi Upaya Penyelenggaraan Ketenteraman dan Ketertiban Umum,1483.1849.97.429.1827,8318,7.01.04.2.01.01,"Sinergitas dengan Kepolisian Negara Republik Indonesia, Tentara Nasional Indonesia dan Instansi Vertikal di Wilayah Kecamatan",17797000,17797000,5.1.02.01.01.0024,Belanja Alat/Bahan untuk Kegiatan Kantor-Alat Tulis Kantor,2316600
0,0,0,1470400,0,0,1470000,0,1470000,0,1470000,0,1483,7.01.0.00.0.00.34.0000,KECAMATAN RANCABUNGUR,7.01.0.00.0.00.34.01,Sekretariat Kecamatan Rancabungur,7.01,KECAMATAN,7.01.04,PROGRAM KOORDINASI KETENTRAMAN DAN KETERTIBAN UMUM,7.01.04.2.01,Koordinasi Upaya Penyelenggaraan Ketenteraman dan Ketertiban Umum,1483.1849.97.429.1827,8318,7.01.04.2.01.01,"Sinergitas dengan Kepolisian Negara Republik Indonesia, Tentara Nasional Indonesia dan Instansi Vertikal di Wilayah Kecamatan",17797000,17797000,5.1.02.01.01.0026,Belanja Alat/Bahan untuk Kegiatan Kantor- Bahan Cetak,5880400
0,0,0,2400000,0,0,2400000,0,2400000,0,2400000,0,1483,7.01.0.00.0.00.34.0000,KECAMATAN RANCABUNGUR,7.01.0.00.0.00.34.01,Sekretariat Kecamatan Rancabungur,7.01,KECAMATAN,7.01.04,PROGRAM KOORDINASI KETENTRAMAN DAN KETERTIBAN UMUM,7.01.04.2.01,Koordinasi Upaya Penyelenggaraan Ketenteraman dan Ketertiban Umum,1483.1849.97.429.1827,8318,7.01.04.2.01.01,"Sinergitas dengan Kepolisian Negara Republik Indonesia, Tentara Nasional Indonesia dan Instansi Vertikal di Wilayah Kecamatan",17797000,17797000,5.1.02.01.01.0052,Belanja Makanan dan Minuman Rapat,9600000
0,0,0,0,0,891000,0,0,891000,0,0,0,1483,7.01.0.00.0.00.34.0000,KECAMATAN RANCABUNGUR,7.01.0.00.0.00.34.01,Sekretariat Kecamatan Rancabungur,7.01,KECAMATAN,7.01.04,PROGRAM KOORDINASI KETENTRAMAN DAN KETERTIBAN UMUM,7.01.04.2.01,Koordinasi Upaya Penyelenggaraan Ketenteraman dan Ketertiban Umum,1483.1849.97.429.1827,8319,7.01.04.2.01.02,Harmonisasi Hubungan Dengan Tokoh Agama dan Tokoh Masyarakat,6222000,6222000,5.1.02.01.01.0024,Belanja Alat/Bahan untuk Kegiatan Kantor-Alat Tulis Kantor,1782000
0,0,0,0,0,620000,0,0,620000,0,0,0,1483,7.01.0.00.0.00.34.0000,KECAMATAN RANCABUNGUR,7.01.0.00.0.00.34.01,Sekretariat Kecamatan Rancabungur,7.01,KECAMATAN,7.01.04,PROGRAM KOORDINASI KETENTRAMAN DAN KETERTIBAN UMUM,7.01.04.2.01,Koordinasi Upaya Penyelenggaraan Ketenteraman dan Ketertiban Umum,1483.1849.97.429.1827,8319,7.01.04.2.01.02,Harmonisasi Hubungan Dengan Tokoh Agama dan Tokoh Masyarakat,6222000,6222000,5.1.02.01.01.0026,Belanja Alat/Bahan untuk Kegiatan Kantor- Bahan Cetak,1240000
0,0,0,0,0,1600000,0,0,1600000,0,0,0,1483,7.01.0.00.0.00.34.0000,KECAMATAN RANCABUNGUR,7.01.0.00.0.00.34.01,Sekretariat Kecamatan Rancabungur,7.01,KECAMATAN,7.01.04,PROGRAM KOORDINASI KETENTRAMAN DAN KETERTIBAN UMUM,7.01.04.2.01,Koordinasi Upaya Penyelenggaraan Ketenteraman dan Ketertiban Umum,1483.1849.97.429.1827,8319,7.01.04.2.01.02,Harmonisasi Hubungan Dengan Tokoh Agama dan Tokoh Masyarakat,6222000,6222000,5.1.02.01.01.0052,Belanja Makanan dan Minuman Rapat,3200000
0,0,0,0,783300,0,0,0,0,0,783300,0,1483,7.01.0.00.0.00.34.0000,KECAMATAN RANCABUNGUR,7.01.0.00.0.00.34.01,Sekretariat Kecamatan Rancabungur,7.01,KECAMATAN,7.01.04,PROGRAM KOORDINASI KETENTRAMAN DAN KETERTIBAN UMUM,7.01.04.2.02,Koordinasi Penerapan dan Penegakan Peraturan Daerah dan Peraturan Kepala Daerah,1483.1849.97.429.1828,8320,7.01.04.2.02.01,Koordinasi/Sinergi Dengan Perangkat Daerah yang Tugas dan Fungsinya di Bidang Penegakan Peraturan Perundang-Undangan dan/atau Kepolisian Negara Republik Indonesia,10247000,10247000,5.1.02.01.01.0024,Belanja Alat/Bahan untuk Kegiatan Kantor-Alat Tulis Kantor,1566600
0,0,0,0,1140200,0,0,0,0,0,1140200,0,1483,7.01.0.00.0.00.34.0000,KECAMATAN RANCABUNGUR,7.01.0.00.0.00.34.01,Sekretariat Kecamatan Rancabungur,7.01,KECAMATAN,7.01.04,PROGRAM KOORDINASI KETENTRAMAN DAN KETERTIBAN UMUM,7.01.04.2.02,Koordinasi Penerapan dan Penegakan Peraturan Daerah dan Peraturan Kepala Daerah,1483.1849.97.429.1828,8320,7.01.04.2.02.01,Koordinasi/Sinergi Dengan Perangkat Daerah yang Tugas dan Fungsinya di Bidang Penegakan Peraturan Perundang-Undangan dan/atau Kepolisian Negara Republik Indonesia,10247000,10247000,5.1.02.01.01.0026,Belanja Alat/Bahan untuk Kegiatan Kantor- Bahan Cetak,2280400
0,0,0,0,3200000,0,0,0,0,0,3200000,0,1483,7.01.0.00.0.00.34.0000,KECAMATAN RANCABUNGUR,7.01.0.00.0.00.34.01,Sekretariat Kecamatan Rancabungur,7.01,KECAMATAN,7.01.04,PROGRAM KOORDINASI KETENTRAMAN DAN KETERTIBAN UMUM,7.01.04.2.02,Koordinasi Penerapan dan Penegakan Peraturan Daerah dan Peraturan Kepala Daerah,1483.1849.97.429.1828,8320,7.01.04.2.02.01,Koordinasi/Sinergi Dengan Perangkat Daerah yang Tugas dan Fungsinya di Bidang Penegakan Peraturan Perundang-Undangan dan/atau Kepolisian Negara Republik Indonesia,10247000,10247000,5.1.02.01.01.0052,Belanja Makanan dan Minuman Rapat,6400000
0,0,0,477200,477200,477200,477200,477200,0,0,0,0,1483,7.01.0.00.0.00.34.0000,KECAMATAN RANCABUNGUR,7.01.0.00.0.00.34.01,Sekretariat Kecamatan Rancabungur,7.01,KECAMATAN,7.01.05,PROGRAM PENYELENGGARAAN URUSAN PEMERINTAHAN UMUM,7.01.05.2.01,Penyelenggaraan Urusan Pemerintahan Umum sesuai Penugasan Kepala Daerah,1483.1849.97.430.1831,8324,7.01.05.2.01.01,"Pembinaan Wawasan Kebangsaan dan Ketahanan Nasional dalam rangka Memantapkan Pengamalan Pancasila, Pelaksanaan Undang-Undang Dasar Negara Republik Indonesia Tahun 1945, Pelestarian Bhinneka Tunggal Ika serta Pemertahanan dan Pemeliharaan Keutuhan Negara Kesatuan Republik Indonesia",63491000,63491000,5.1.02.01.01.0024,Belanja Alat/Bahan untuk Kegiatan Kantor-Alat Tulis Kantor,2386000
0,0,0,980000,980000,1020000,980000,1020000,0,0,0,0,1483,7.01.0.00.0.00.34.0000,KECAMATAN RANCABUNGUR,7.01.0.00.0.00.34.01,Sekretariat Kecamatan Rancabungur,7.01,KECAMATAN,7.01.05,PROGRAM PENYELENGGARAAN URUSAN PEMERINTAHAN UMUM,7.01.05.2.01,Penyelenggaraan Urusan Pemerintahan Umum sesuai Penugasan Kepala Daerah,1483.1849.97.430.1831,8324,7.01.05.2.01.01,"Pembinaan Wawasan Kebangsaan dan Ketahanan Nasional dalam rangka Memantapkan Pengamalan Pancasila, Pelaksanaan Undang-Undang Dasar Negara Republik Indonesia Tahun 1945, Pelestarian Bhinneka Tunggal Ika serta Pemertahanan dan Pemeliharaan Keutuhan Negara Kesatuan Republik Indonesia",63491000,63491000,5.1.02.01.01.0026,Belanja Alat/Bahan untuk Kegiatan Kantor- Bahan Cetak,4980000
0,0,0,4000000,4000000,8000000,4000000,8000000,0,0,0,0,1483,7.01.0.00.0.00.34.0000,KECAMATAN RANCABUNGUR,7.01.0.00.0.00.34.01,Sekretariat Kecamatan Rancabungur,7.01,KECAMATAN,7.01.05,PROGRAM PENYELENGGARAAN URUSAN PEMERINTAHAN UMUM,7.01.05.2.01,Penyelenggaraan Urusan Pemerintahan Umum sesuai Penugasan Kepala Daerah,1483.1849.97.430.1831,8324,7.01.05.2.01.01,"Pembinaan Wawasan Kebangsaan dan Ketahanan Nasional dalam rangka Memantapkan Pengamalan Pancasila, Pelaksanaan Undang-Undang Dasar Negara Republik Indonesia Tahun 1945, Pelestarian Bhinneka Tunggal Ika serta Pemertahanan dan Pemeliharaan Keutuhan Negara Kesatuan Republik Indonesia",63491000,63491000,5.1.02.01.01.0052,Belanja Makanan dan Minuman Rapat,28000000
0,0,0,1500000,1500000,0,1500000,0,0,0,0,0,1483,7.01.0.00.0.00.34.0000,KECAMATAN RANCABUNGUR,7.01.0.00.0.00.34.01,Sekretariat Kecamatan Rancabungur,7.01,KECAMATAN,7.01.05,PROGRAM PENYELENGGARAAN URUSAN PEMERINTAHAN UMUM,7.01.05.2.01,Penyelenggaraan Urusan Pemerintahan Umum sesuai Penugasan Kepala Daerah,1483.1849.97.430.1831,8324,7.01.05.2.01.01,"Pembinaan Wawasan Kebangsaan dan Ketahanan Nasional dalam rangka Memantapkan Pengamalan Pancasila, Pelaksanaan Undang-Undang Dasar Negara Republik Indonesia Tahun 1945, Pelestarian Bhinneka Tunggal Ika serta Pemertahanan dan Pemeliharaan Keutuhan Negara Kesatuan Republik Indonesia",63491000,63491000,5.1.02.02.01.0003,"Honorarium Narasumber atau Pembahas, Moderator, Pembawa Acara, dan Panitia",4500000
0,0,0,0,0,1750000,0,1750000,0,0,0,0,1483,7.01.0.00.0.00.34.0000,KECAMATAN RANCABUNGUR,7.01.0.00.0.00.34.01,Sekretariat Kecamatan Rancabungur,7.01,KECAMATAN,7.01.05,PROGRAM PENYELENGGARAAN URUSAN PEMERINTAHAN UMUM,7.01.05.2.01,Penyelenggaraan Urusan Pemerintahan Umum sesuai Penugasan Kepala Daerah,1483.1849.97.430.1831,8324,7.01.05.2.01.01,"Pembinaan Wawasan Kebangsaan dan Ketahanan Nasional dalam rangka Memantapkan Pengamalan Pancasila, Pelaksanaan Undang-Undang Dasar Negara Republik Indonesia Tahun 1945, Pelestarian Bhinneka Tunggal Ika serta Pemertahanan dan Pemeliharaan Keutuhan Negara Kesatuan Republik Indonesia",63491000,63491000,5.1.02.02.04.0118,Belanja Sewa Mebel,3500000
0,0,0,0,0,1562500,0,1562500,0,0,0,0,1483,7.01.0.00.0.00.34.0000,KECAMATAN RANCABUNGUR,7.01.0.00.0.00.34.01,Sekretariat Kecamatan Rancabungur,7.01,KECAMATAN,7.01.05,PROGRAM PENYELENGGARAAN URUSAN PEMERINTAHAN UMUM,7.01.05.2.01,Penyelenggaraan Urusan Pemerintahan Umum sesuai Penugasan Kepala Daerah,1483.1849.97.430.1831,8324,7.01.05.2.01.01,"Pembinaan Wawasan Kebangsaan dan Ketahanan Nasional dalam rangka Memantapkan Pengamalan Pancasila, Pelaksanaan Undang-Undang Dasar Negara Republik Indonesia Tahun 1945, Pelestarian Bhinneka Tunggal Ika serta Pemertahanan dan Pemeliharaan Keutuhan Negara Kesatuan Republik Indonesia",63491000,63491000,5.1.02.02.04.0132,Belanja Sewa Peralatan Studio Audio,3125000
0,0,0,2250000,2250000,4750000,0,4750000,0,0,0,0,1483,7.01.0.00.0.00.34.0000,KECAMATAN RANCABUNGUR,7.01.0.00.0.00.34.01,Sekretariat Kecamatan Rancabungur,7.01,KECAMATAN,7.01.05,PROGRAM PENYELENGGARAAN URUSAN PEMERINTAHAN UMUM,7.01.05.2.01,Penyelenggaraan Urusan Pemerintahan Umum sesuai Penugasan Kepala Daerah,1483.1849.97.430.1831,8324,7.01.05.2.01.01,"Pembinaan Wawasan Kebangsaan dan Ketahanan Nasional dalam rangka Memantapkan Pengamalan Pancasila, Pelaksanaan Undang-Undang Dasar Negara Republik Indonesia Tahun 1945, Pelestarian Bhinneka Tunggal Ika serta Pemertahanan dan Pemeliharaan Keutuhan Negara Kesatuan Republik Indonesia",63491000,63491000,5.1.02.02.04.0355,Belanja Sewa Peralatan Umum,14000000
0,0,0,0,0,0,0,3000000,0,0,0,0,1483,7.01.0.00.0.00.34.0000,KECAMATAN RANCABUNGUR,7.01.0.00.0.00.34.01,Sekretariat Kecamatan Rancabungur,7.01,KECAMATAN,7.01.05,PROGRAM PENYELENGGARAAN URUSAN PEMERINTAHAN UMUM,7.01.05.2.01,Penyelenggaraan Urusan Pemerintahan Umum sesuai Penugasan Kepala Daerah,1483.1849.97.430.1831,8324,7.01.05.2.01.01,"Pembinaan Wawasan Kebangsaan dan Ketahanan Nasional dalam rangka Memantapkan Pengamalan Pancasila, Pelaksanaan Undang-Undang Dasar Negara Republik Indonesia Tahun 1945, Pelestarian Bhinneka Tunggal Ika serta Pemertahanan dan Pemeliharaan Keutuhan Negara Kesatuan Republik Indonesia",63491000,63491000,5.1.02.04.01.0004,Belanja Perjalanan Dinas Paket Meeting Dalam Kota,3000000
0,0,0,0,909000,0,0,0,0,909000,0,0,1483,7.01.0.00.0.00.34.0000,KECAMATAN RANCABUNGUR,7.01.0.00.0.00.34.01,Sekretariat Kecamatan Rancabungur,7.01,KECAMATAN,7.01.05,PROGRAM PENYELENGGARAAN URUSAN PEMERINTAHAN UMUM,7.01.05.2.01,Penyelenggaraan Urusan Pemerintahan Umum sesuai Penugasan Kepala Daerah,1483.1849.97.430.1831,8325,7.01.05.2.01.02,"Fasilitasi, Koordinasi dan Pembinaan (Bimtek, Sosialisasi, Konsultasi) Wawasan Kebangsaan dan Ketahanan Nasional",5000000,5000000,5.1.02.01.01.0024,Belanja Alat/Bahan untuk Kegiatan Kantor-Alat Tulis Kantor,1818000
0,0,0,0,391000,0,0,0,0,391000,0,0,1483,7.01.0.00.0.00.34.0000,KECAMATAN RANCABUNGUR,7.01.0.00.0.00.34.01,Sekretariat Kecamatan Rancabungur,7.01,KECAMATAN,7.01.05,PROGRAM PENYELENGGARAAN URUSAN PEMERINTAHAN UMUM,7.01.05.2.01,Penyelenggaraan Urusan Pemerintahan Umum sesuai Penugasan Kepala Daerah,1483.1849.97.430.1831,8325,7.01.05.2.01.02,"Fasilitasi, Koordinasi dan Pembinaan (Bimtek, Sosialisasi, Konsultasi) Wawasan Kebangsaan dan Ketahanan Nasional",5000000,5000000,5.1.02.01.01.0026,Belanja Alat/Bahan untuk Kegiatan Kantor- Bahan Cetak,782000
0,0,0,0,1200000,0,0,0,0,1200000,0,0,1483,7.01.0.00.0.00.34.0000,KECAMATAN RANCABUNGUR,7.01.0.00.0.00.34.01,Sekretariat Kecamatan Rancabungur,7.01,KECAMATAN,7.01.05,PROGRAM PENYELENGGARAAN URUSAN PEMERINTAHAN UMUM,7.01.05.2.01,Penyelenggaraan Urusan Pemerintahan Umum sesuai Penugasan Kepala Daerah,1483.1849.97.430.1831,8325,7.01.05.2.01.02,"Fasilitasi, Koordinasi dan Pembinaan (Bimtek, Sosialisasi, Konsultasi) Wawasan Kebangsaan dan Ketahanan Nasional",5000000,5000000,5.1.02.01.01.0052,Belanja Makanan dan Minuman Rapat,2400000
0,0,0,0,0,0,1818000,0,0,0,0,0,1483,7.01.0.00.0.00.34.0000,KECAMATAN RANCABUNGUR,7.01.0.00.0.00.34.01,Sekretariat Kecamatan Rancabungur,7.01,KECAMATAN,7.01.05,PROGRAM PENYELENGGARAAN URUSAN PEMERINTAHAN UMUM,7.01.05.2.01,Penyelenggaraan Urusan Pemerintahan Umum sesuai Penugasan Kepala Daerah,1483.1849.97.430.1831,8326,7.01.05.2.01.03,Pembinaan Persatuan dan Kesatuan Bangsa,5000000,5000000,5.1.02.01.01.0024,Belanja Alat/Bahan untuk Kegiatan Kantor-Alat Tulis Kantor,1818000
0,0,0,0,0,0,782000,0,0,0,0,0,1483,7.01.0.00.0.00.34.0000,KECAMATAN RANCABUNGUR,7.01.0.00.0.00.34.01,Sekretariat Kecamatan Rancabungur,7.01,KECAMATAN,7.01.05,PROGRAM PENYELENGGARAAN URUSAN PEMERINTAHAN UMUM,7.01.05.2.01,Penyelenggaraan Urusan Pemerintahan Umum sesuai Penugasan Kepala Daerah,1483.1849.97.430.1831,8326,7.01.05.2.01.03,Pembinaan Persatuan dan Kesatuan Bangsa,5000000,5000000,5.1.02.01.01.0026,Belanja Alat/Bahan untuk Kegiatan Kantor- Bahan Cetak,782000
0,0,0,0,0,0,2400000,0,0,0,0,0,1483,7.01.0.00.0.00.34.0000,KECAMATAN RANCABUNGUR,7.01.0.00.0.00.34.01,Sekretariat Kecamatan Rancabungur,7.01,KECAMATAN,7.01.05,PROGRAM PENYELENGGARAAN URUSAN PEMERINTAHAN UMUM,7.01.05.2.01,Penyelenggaraan Urusan Pemerintahan Umum sesuai Penugasan Kepala Daerah,1483.1849.97.430.1831,8326,7.01.05.2.01.03,Pembinaan Persatuan dan Kesatuan Bangsa,5000000,5000000,5.1.02.01.01.0052,Belanja Makanan dan Minuman Rapat,2400000
0,0,0,0,0,6585750,0,0,0,298750,0,0,1483,7.01.0.00.0.00.34.0000,KECAMATAN RANCABUNGUR,7.01.0.00.0.00.34.01,Sekretariat Kecamatan Rancabungur,7.01,KECAMATAN,7.01.05,PROGRAM PENYELENGGARAAN URUSAN PEMERINTAHAN UMUM,7.01.05.2.01,Penyelenggaraan Urusan Pemerintahan Umum sesuai Penugasan Kepala Daerah,1483.1849.97.430.1831,8327,7.01.05.2.01.04,"Pembinaan Kerukunan Antarsuku dan Intrasuku, Umat Beragama, Ras, dan Golongan Lainnya Guna Mewujudkan Stabilitas Keamanan Lokal, Regional, dan Nasional",99317000,115317000,5.1.02.01.01.0024,Belanja Alat/Bahan untuk Kegiatan Kantor-Alat Tulis Kantor,6884500
0,0,0,0,0,3250000,0,0,0,1370000,0,0,1483,7.01.0.00.0.00.34.0000,KECAMATAN RANCABUNGUR,7.01.0.00.0.00.34.01,Sekretariat Kecamatan Rancabungur,7.01,KECAMATAN,7.01.05,PROGRAM PENYELENGGARAAN URUSAN PEMERINTAHAN UMUM,7.01.05.2.01,Penyelenggaraan Urusan Pemerintahan Umum sesuai Penugasan Kepala Daerah,1483.1849.97.430.1831,8327,7.01.05.2.01.04,"Pembinaan Kerukunan Antarsuku dan Intrasuku, Umat Beragama, Ras, dan Golongan Lainnya Guna Mewujudkan Stabilitas Keamanan Lokal, Regional, dan Nasional",99317000,115317000,5.1.02.01.01.0026,Belanja Alat/Bahan untuk Kegiatan Kantor- Bahan Cetak,4620000
0,0,0,0,0,8000000,0,0,0,4000000,0,0,1483,7.01.0.00.0.00.34.0000,KECAMATAN RANCABUNGUR,7.01.0.00.0.00.34.01,Sekretariat Kecamatan Rancabungur,7.01,KECAMATAN,7.01.05,PROGRAM PENYELENGGARAAN URUSAN PEMERINTAHAN UMUM,7.01.05.2.01,Penyelenggaraan Urusan Pemerintahan Umum sesuai Penugasan Kepala Daerah,1483.1849.97.430.1831,8327,7.01.05.2.01.04,"Pembinaan Kerukunan Antarsuku dan Intrasuku, Umat Beragama, Ras, dan Golongan Lainnya Guna Mewujudkan Stabilitas Keamanan Lokal, Regional, dan Nasional",99317000,115317000,5.1.02.01.01.0052,Belanja Makanan dan Minuman Rapat,12000000
0,0,0,0,0,0,0,0,0,0,0,0,1483,7.01.0.00.0.00.34.0000,KECAMATAN RANCABUNGUR,7.01.0.00.0.00.34.01,Sekretariat Kecamatan Rancabungur,7.01,KECAMATAN,7.01.05,PROGRAM PENYELENGGARAAN URUSAN PEMERINTAHAN UMUM,7.01.05.2.01,Penyelenggaraan Urusan Pemerintahan Umum sesuai Penugasan Kepala Daerah,1483.1849.97.430.1831,8327,7.01.05.2.01.04,"Pembinaan Kerukunan Antarsuku dan Intrasuku, Umat Beragama, Ras, dan Golongan Lainnya Guna Mewujudkan Stabilitas Keamanan Lokal, Regional, dan Nasional",99317000,115317000,5.1.02.01.01.0075,Belanja Pakaian Batik Tradisional,0
0,0,0,0,0,2500000,0,0,0,3600000,0,0,1483,7.01.0.00.0.00.34.0000,KECAMATAN RANCABUNGUR,7.01.0.00.0.00.34.01,Sekretariat Kecamatan Rancabungur,7.01,KECAMATAN,7.01.05,PROGRAM PENYELENGGARAAN URUSAN PEMERINTAHAN UMUM,7.01.05.2.01,Penyelenggaraan Urusan Pemerintahan Umum sesuai Penugasan Kepala Daerah,1483.1849.97.430.1831,8327,7.01.05.2.01.04,"Pembinaan Kerukunan Antarsuku dan Intrasuku, Umat Beragama, Ras, dan Golongan Lainnya Guna Mewujudkan Stabilitas Keamanan Lokal, Regional, dan Nasional",99317000,115317000,5.1.02.02.01.0003,"Honorarium Narasumber atau Pembahas, Moderator, Pembawa Acara, dan Panitia",6100000
0,0,0,0,0,3250000,0,0,0,0,0,0,1483,7.01.0.00.0.00.34.0000,KECAMATAN RANCABUNGUR,7.01.0.00.0.00.34.01,Sekretariat Kecamatan Rancabungur,7.01,KECAMATAN,7.01.05,PROGRAM PENYELENGGARAAN URUSAN PEMERINTAHAN UMUM,7.01.05.2.01,Penyelenggaraan Urusan Pemerintahan Umum sesuai Penugasan Kepala Daerah,1483.1849.97.430.1831,8327,7.01.05.2.01.04,"Pembinaan Kerukunan Antarsuku dan Intrasuku, Umat Beragama, Ras, dan Golongan Lainnya Guna Mewujudkan Stabilitas Keamanan Lokal, Regional, dan Nasional",99317000,115317000,5.1.02.02.04.0118,Belanja Sewa Mebel,3250000
0,0,0,0,0,1562500,0,0,0,0,0,0,1483,7.01.0.00.0.00.34.0000,KECAMATAN RANCABUNGUR,7.01.0.00.0.00.34.01,Sekretariat Kecamatan Rancabungur,7.01,KECAMATAN,7.01.05,PROGRAM PENYELENGGARAAN URUSAN PEMERINTAHAN UMUM,7.01.05.2.01,Penyelenggaraan Urusan Pemerintahan Umum sesuai Penugasan Kepala Daerah,1483.1849.97.430.1831,8327,7.01.05.2.01.04,"Pembinaan Kerukunan Antarsuku dan Intrasuku, Umat Beragama, Ras, dan Golongan Lainnya Guna Mewujudkan Stabilitas Keamanan Lokal, Regional, dan Nasional",99317000,115317000,5.1.02.02.04.0132,Belanja Sewa Peralatan Studio Audio,1562500
0,0,0,0,0,7000000,0,0,0,0,0,0,1483,7.01.0.00.0.00.34.0000,KECAMATAN RANCABUNGUR,7.01.0.00.0.00.34.01,Sekretariat Kecamatan Rancabungur,7.01,KECAMATAN,7.01.05,PROGRAM PENYELENGGARAAN URUSAN PEMERINTAHAN UMUM,7.01.05.2.01,Penyelenggaraan Urusan Pemerintahan Umum sesuai Penugasan Kepala Daerah,1483.1849.97.430.1831,8327,7.01.05.2.01.04,"Pembinaan Kerukunan Antarsuku dan Intrasuku, Umat Beragama, Ras, dan Golongan Lainnya Guna Mewujudkan Stabilitas Keamanan Lokal, Regional, dan Nasional",99317000,115317000,5.1.02.02.04.0355,Belanja Sewa Peralatan Umum,7000000
0,0,0,0,0,0,0,0,0,9900000,0,0,1483,7.01.0.00.0.00.34.0000,KECAMATAN RANCABUNGUR,7.01.0.00.0.00.34.01,Sekretariat Kecamatan Rancabungur,7.01,KECAMATAN,7.01.05,PROGRAM PENYELENGGARAAN URUSAN PEMERINTAHAN UMUM,7.01.05.2.01,Penyelenggaraan Urusan Pemerintahan Umum sesuai Penugasan Kepala Daerah,1483.1849.97.430.1831,8327,7.01.05.2.01.04,"Pembinaan Kerukunan Antarsuku dan Intrasuku, Umat Beragama, Ras, dan Golongan Lainnya Guna Mewujudkan Stabilitas Keamanan Lokal, Regional, dan Nasional",99317000,115317000,5.1.02.02.05.0009,Belanja Sewa Bangunan Gedung Tempat Pertemuan,9900000
0,0,0,0,0,0,0,0,0,3000000,0,0,1483,7.01.0.00.0.00.34.0000,KECAMATAN RANCABUNGUR,7.01.0.00.0.00.34.01,Sekretariat Kecamatan Rancabungur,7.01,KECAMATAN,7.01.05,PROGRAM PENYELENGGARAAN URUSAN PEMERINTAHAN UMUM,7.01.05.2.01,Penyelenggaraan Urusan Pemerintahan Umum sesuai Penugasan Kepala Daerah,1483.1849.97.430.1831,8327,7.01.05.2.01.04,"Pembinaan Kerukunan Antarsuku dan Intrasuku, Umat Beragama, Ras, dan Golongan Lainnya Guna Mewujudkan Stabilitas Keamanan Lokal, Regional, dan Nasional",99317000,115317000,5.1.02.04.01.0004,Belanja Perjalanan Dinas Paket Meeting Dalam Kota,3000000
0,0,0,0,0,45000000,0,0,0,0,0,0,1483,7.01.0.00.0.00.34.0000,KECAMATAN RANCABUNGUR,7.01.0.00.0.00.34.01,Sekretariat Kecamatan Rancabungur,7.01,KECAMATAN,7.01.05,PROGRAM PENYELENGGARAAN URUSAN PEMERINTAHAN UMUM,7.01.05.2.01,Penyelenggaraan Urusan Pemerintahan Umum sesuai Penugasan Kepala Daerah,1483.1849.97.430.1831,8327,7.01.05.2.01.04,"Pembinaan Kerukunan Antarsuku dan Intrasuku, Umat Beragama, Ras, dan Golongan Lainnya Guna Mewujudkan Stabilitas Keamanan Lokal, Regional, dan Nasional",99317000,115317000,5.1.02.05.01.0001,Belanja Hadiah yang Bersifat Perlombaan,45000000
0,0,0,0,0,0,0,1230800,0,0,0,0,1483,7.01.0.00.0.00.34.0000,KECAMATAN RANCABUNGUR,7.01.0.00.0.00.34.01,Sekretariat Kecamatan Rancabungur,7.01,KECAMATAN,7.01.05,PROGRAM PENYELENGGARAAN URUSAN PEMERINTAHAN UMUM,7.01.05.2.01,Penyelenggaraan Urusan Pemerintahan Umum sesuai Penugasan Kepala Daerah,1483.1849.97.430.1831,8329,7.01.05.2.01.06,Pengembangan Kehidupan Demokrasi Berdasarkan Pancasila,3930000,3930000,5.1.02.01.01.0024,Belanja Alat/Bahan untuk Kegiatan Kantor-Alat Tulis Kantor,1230800
0,0,0,0,0,0,0,699200,0,0,0,0,1483,7.01.0.00.0.00.34.0000,KECAMATAN RANCABUNGUR,7.01.0.00.0.00.34.01,Sekretariat Kecamatan Rancabungur,7.01,KECAMATAN,7.01.05,PROGRAM PENYELENGGARAAN URUSAN PEMERINTAHAN UMUM,7.01.05.2.01,Penyelenggaraan Urusan Pemerintahan Umum sesuai Penugasan Kepala Daerah,1483.1849.97.430.1831,8329,7.01.05.2.01.06,Pengembangan Kehidupan Demokrasi Berdasarkan Pancasila,3930000,3930000,5.1.02.01.01.0026,Belanja Alat/Bahan untuk Kegiatan Kantor- Bahan Cetak,699200
0,0,0,0,0,0,0,2000000,0,0,0,0,1483,7.01.0.00.0.00.34.0000,KECAMATAN RANCABUNGUR,7.01.0.00.0.00.34.01,Sekretariat Kecamatan Rancabungur,7.01,KECAMATAN,7.01.05,PROGRAM PENYELENGGARAAN URUSAN PEMERINTAHAN UMUM,7.01.05.2.01,Penyelenggaraan Urusan Pemerintahan Umum sesuai Penugasan Kepala Daerah,1483.1849.97.430.1831,8329,7.01.05.2.01.06,Pengembangan Kehidupan Demokrasi Berdasarkan Pancasila,3930000,3930000,5.1.02.01.01.0052,Belanja Makanan dan Minuman Rapat,2000000
0,0,0,0,1201800,0,0,0,0,0,0,1201800,1483,7.01.0.00.0.00.34.0000,KECAMATAN RANCABUNGUR,7.01.0.00.0.00.34.01,Sekretariat Kecamatan Rancabungur,7.01,KECAMATAN,7.01.05,PROGRAM PENYELENGGARAAN URUSAN PEMERINTAHAN UMUM,7.01.05.2.01,Penyelenggaraan Urusan Pemerintahan Umum sesuai Penugasan Kepala Daerah,1483.1849.97.430.1831,8331,7.01.05.2.01.08,Pelaksanaan Tugas Forum Koordinasi Pimpinan di Kecamatan,12684000,12684000,5.1.02.01.01.0024,Belanja Alat/Bahan untuk Kegiatan Kantor-Alat Tulis Kantor,2403600
0,0,0,0,1140200,0,0,0,0,0,0,1140200,1483,7.01.0.00.0.00.34.0000,KECAMATAN RANCABUNGUR,7.01.0.00.0.00.34.01,Sekretariat Kecamatan Rancabungur,7.01,KECAMATAN,7.01.05,PROGRAM PENYELENGGARAAN URUSAN PEMERINTAHAN UMUM,7.01.05.2.01,Penyelenggaraan Urusan Pemerintahan Umum sesuai Penugasan Kepala Daerah,1483.1849.97.430.1831,8331,7.01.05.2.01.08,Pelaksanaan Tugas Forum Koordinasi Pimpinan di Kecamatan,12684000,12684000,5.1.02.01.01.0026,Belanja Alat/Bahan untuk Kegiatan Kantor- Bahan Cetak,2280400
0,0,0,0,4000000,0,0,0,0,0,0,4000000,1483,7.01.0.00.0.00.34.0000,KECAMATAN RANCABUNGUR,7.01.0.00.0.00.34.01,Sekretariat Kecamatan Rancabungur,7.01,KECAMATAN,7.01.05,PROGRAM PENYELENGGARAAN URUSAN PEMERINTAHAN UMUM,7.01.05.2.01,Penyelenggaraan Urusan Pemerintahan Umum sesuai Penugasan Kepala Daerah,1483.1849.97.430.1831,8331,7.01.05.2.01.08,Pelaksanaan Tugas Forum Koordinasi Pimpinan di Kecamatan,12684000,12684000,5.1.02.01.01.0052,Belanja Makanan dan Minuman Rapat,8000000
0,0,0,400100,0,408100,400100,400100,0,324500,0,324500,1483,7.01.0.00.0.00.34.0000,KECAMATAN RANCABUNGUR,7.01.0.00.0.00.34.01,Sekretariat Kecamatan Rancabungur,7.01,KECAMATAN,7.01.06,PROGRAM PEMBINAAN DAN PENGAWASAN PEMERINTAHAN DESA,7.01.06.2.01,"Fasilitasi, Rekomendasi dan Koordinasi Pembinaan dan Pengawasan Pemerintahan Desa",1483.1849.97.431.1832,8333,7.01.06.2.01.02,Fasilitasi Administrasi Tata Pemerintahan Desa,15039800,15039800,5.1.02.01.01.0024,Belanja Alat/Bahan untuk Kegiatan Kantor-Alat Tulis Kantor,2257400
0,0,0,530000,0,532400,530000,530000,0,530000,0,530000,1483,7.01.0.00.0.00.34.0000,KECAMATAN RANCABUNGUR,7.01.0.00.0.00.34.01,Sekretariat Kecamatan Rancabungur,7.01,KECAMATAN,7.01.06,PROGRAM PEMBINAAN DAN PENGAWASAN PEMERINTAHAN DESA,7.01.06.2.01,"Fasilitasi, Rekomendasi dan Koordinasi Pembinaan dan Pengawasan Pemerintahan Desa",1483.1849.97.431.1832,8333,7.01.06.2.01.02,Fasilitasi Administrasi Tata Pemerintahan Desa,15039800,15039800,5.1.02.01.01.0026,Belanja Alat/Bahan untuk Kegiatan Kantor- Bahan Cetak,3182400
0,0,0,1600000,0,1600000,1600000,1600000,0,1600000,0,1600000,1483,7.01.0.00.0.00.34.0000,KECAMATAN RANCABUNGUR,7.01.0.00.0.00.34.01,Sekretariat Kecamatan Rancabungur,7.01,KECAMATAN,7.01.06,PROGRAM PEMBINAAN DAN PENGAWASAN PEMERINTAHAN DESA,7.01.06.2.01,"Fasilitasi, Rekomendasi dan Koordinasi Pembinaan dan Pengawasan Pemerintahan Desa",1483.1849.97.431.1832,8333,7.01.06.2.01.02,Fasilitasi Administrasi Tata Pemerintahan Desa,15039800,15039800,5.1.02.01.01.0052,Belanja Makanan dan Minuman Rapat,9600000
0,0,0,0,0,0,0,0,1012800,0,0,0,1483,7.01.0.00.0.00.34.0000,KECAMATAN RANCABUNGUR,7.01.0.00.0.00.34.01,Sekretariat Kecamatan Rancabungur,7.01,KECAMATAN,7.01.06,PROGRAM PEMBINAAN DAN PENGAWASAN PEMERINTAHAN DESA,7.01.06.2.01,"Fasilitasi, Rekomendasi dan Koordinasi Pembinaan dan Pengawasan Pemerintahan Desa",1483.1849.97.431.1832,8334,7.01.06.2.01.03,Fasilitasi Pengelolaan Keuangan Desa dan Pendayagunaan Aset Desa,5000000,5000000,5.1.02.01.01.0024,Belanja Alat/Bahan untuk Kegiatan Kantor-Alat Tulis Kantor,1012800
0,0,0,0,0,0,0,0,387200,0,0,0,1483,7.01.0.00.0.00.34.0000,KECAMATAN RANCABUNGUR,7.01.0.00.0.00.34.01,Sekretariat Kecamatan Rancabungur,7.01,KECAMATAN,7.01.06,PROGRAM PEMBINAAN DAN PENGAWASAN PEMERINTAHAN DESA,7.01.06.2.01,"Fasilitasi, Rekomendasi dan Koordinasi Pembinaan dan Pengawasan Pemerintahan Desa",1483.1849.97.431.1832,8334,7.01.06.2.01.03,Fasilitasi Pengelolaan Keuangan Desa dan Pendayagunaan Aset Desa,5000000,5000000,5.1.02.01.01.0026,Belanja Alat/Bahan untuk Kegiatan Kantor- Bahan Cetak,387200
0,0,0,0,0,0,0,0,3600000,0,0,0,1483,7.01.0.00.0.00.34.0000,KECAMATAN RANCABUNGUR,7.01.0.00.0.00.34.01,Sekretariat Kecamatan Rancabungur,7.01,KECAMATAN,7.01.06,PROGRAM PEMBINAAN DAN PENGAWASAN PEMERINTAHAN DESA,7.01.06.2.01,"Fasilitasi, Rekomendasi dan Koordinasi Pembinaan dan Pengawasan Pemerintahan Desa",1483.1849.97.431.1832,8334,7.01.06.2.01.03,Fasilitasi Pengelolaan Keuangan Desa dan Pendayagunaan Aset Desa,5000000,5000000,5.1.02.01.01.0052,Belanja Makanan dan Minuman Rapat,3600000
0,0,0,0,0,0,887200,0,0,0,0,0,1483,7.01.0.00.0.00.34.0000,KECAMATAN RANCABUNGUR,7.01.0.00.0.00.34.01,Sekretariat Kecamatan Rancabungur,7.01,KECAMATAN,7.01.06,PROGRAM PEMBINAAN DAN PENGAWASAN PEMERINTAHAN DESA,7.01.06.2.01,"Fasilitasi, Rekomendasi dan Koordinasi Pembinaan dan Pengawasan Pemerintahan Desa",1483.1849.97.431.1832,8335,7.01.06.2.01.04,Fasilitasi Penerapan dan Penegakan Peraturan Perundang-Undangan,3000000,3000000,5.1.02.01.01.0024,Belanja Alat/Bahan untuk Kegiatan Kantor-Alat Tulis Kantor,887200
0,0,0,0,0,0,512800,0,0,0,0,0,1483,7.01.0.00.0.00.34.0000,KECAMATAN RANCABUNGUR,7.01.0.00.0.00.34.01,Sekretariat Kecamatan Rancabungur,7.01,KECAMATAN,7.01.06,PROGRAM PEMBINAAN DAN PENGAWASAN PEMERINTAHAN DESA,7.01.06.2.01,"Fasilitasi, Rekomendasi dan Koordinasi Pembinaan dan Pengawasan Pemerintahan Desa",1483.1849.97.431.1832,8335,7.01.06.2.01.04,Fasilitasi Penerapan dan Penegakan Peraturan Perundang-Undangan,3000000,3000000,5.1.02.01.01.0026,Belanja Alat/Bahan untuk Kegiatan Kantor- Bahan Cetak,512800
0,0,0,0,0,0,1600000,0,0,0,0,0,1483,7.01.0.00.0.00.34.0000,KECAMATAN RANCABUNGUR,7.01.0.00.0.00.34.01,Sekretariat Kecamatan Rancabungur,7.01,KECAMATAN,7.01.06,PROGRAM PEMBINAAN DAN PENGAWASAN PEMERINTAHAN DESA,7.01.06.2.01,"Fasilitasi, Rekomendasi dan Koordinasi Pembinaan dan Pengawasan Pemerintahan Desa",1483.1849.97.431.1832,8335,7.01.06.2.01.04,Fasilitasi Penerapan dan Penegakan Peraturan Perundang-Undangan,3000000,3000000,5.1.02.01.01.0052,Belanja Makanan dan Minuman Rapat,1600000
0,0,0,887200,0,0,0,0,0,0,0,0,1483,7.01.0.00.0.00.34.0000,KECAMATAN RANCABUNGUR,7.01.0.00.0.00.34.01,Sekretariat Kecamatan Rancabungur,7.01,KECAMATAN,7.01.06,PROGRAM PEMBINAAN DAN PENGAWASAN PEMERINTAHAN DESA,7.01.06.2.01,"Fasilitasi, Rekomendasi dan Koordinasi Pembinaan dan Pengawasan Pemerintahan Desa",1483.1849.97.431.1832,8336,7.01.06.2.01.05,Fasilitasi Pelaksanaan Tugas Kepala Desa dan Perangkat Desa,3000000,3000000,5.1.02.01.01.0024,Belanja Alat/Bahan untuk Kegiatan Kantor-Alat Tulis Kantor,887200
0,0,0,512800,0,0,0,0,0,0,0,0,1483,7.01.0.00.0.00.34.0000,KECAMATAN RANCABUNGUR,7.01.0.00.0.00.34.01,Sekretariat Kecamatan Rancabungur,7.01,KECAMATAN,7.01.06,PROGRAM PEMBINAAN DAN PENGAWASAN PEMERINTAHAN DESA,7.01.06.2.01,"Fasilitasi, Rekomendasi dan Koordinasi Pembinaan dan Pengawasan Pemerintahan Desa",1483.1849.97.431.1832,8336,7.01.06.2.01.05,Fasilitasi Pelaksanaan Tugas Kepala Desa dan Perangkat Desa,3000000,3000000,5.1.02.01.01.0026,Belanja Alat/Bahan untuk Kegiatan Kantor- Bahan Cetak,512800
0,0,0,1600000,0,0,0,0,0,0,0,0,1483,7.01.0.00.0.00.34.0000,KECAMATAN RANCABUNGUR,7.01.0.00.0.00.34.01,Sekretariat Kecamatan Rancabungur,7.01,KECAMATAN,7.01.06,PROGRAM PEMBINAAN DAN PENGAWASAN PEMERINTAHAN DESA,7.01.06.2.01,"Fasilitasi, Rekomendasi dan Koordinasi Pembinaan dan Pengawasan Pemerintahan Desa",1483.1849.97.431.1832,8336,7.01.06.2.01.05,Fasilitasi Pelaksanaan Tugas Kepala Desa dan Perangkat Desa,3000000,3000000,5.1.02.01.01.0052,Belanja Makanan dan Minuman Rapat,1600000
0,0,0,0,0,0,0,0,0,1364000,0,0,1483,7.01.0.00.0.00.34.0000,KECAMATAN RANCABUNGUR,7.01.0.00.0.00.34.01,Sekretariat Kecamatan Rancabungur,7.01,KECAMATAN,7.01.06,PROGRAM PEMBINAAN DAN PENGAWASAN PEMERINTAHAN DESA,7.01.06.2.01,"Fasilitasi, Rekomendasi dan Koordinasi Pembinaan dan Pengawasan Pemerintahan Desa",1483.1849.97.431.1832,8340,7.01.06.2.01.09,Fasilitasi Sinkronisasi Perencanaan Pembangunan Daerah dengan Pembangunan Desa,5000000,5000000,5.1.02.01.01.0024,Belanja Alat/Bahan untuk Kegiatan Kantor-Alat Tulis Kantor,1364000
0,0,0,0,0,0,0,0,0,436000,0,0,1483,7.01.0.00.0.00.34.0000,KECAMATAN RANCABUNGUR,7.01.0.00.0.00.34.01,Sekretariat Kecamatan Rancabungur,7.01,KECAMATAN,7.01.06,PROGRAM PEMBINAAN DAN PENGAWASAN PEMERINTAHAN DESA,7.01.06.2.01,"Fasilitasi, Rekomendasi dan Koordinasi Pembinaan dan Pengawasan Pemerintahan Desa",1483.1849.97.431.1832,8340,7.01.06.2.01.09,Fasilitasi Sinkronisasi Perencanaan Pembangunan Daerah dengan Pembangunan Desa,5000000,5000000,5.1.02.01.01.0026,Belanja Alat/Bahan untuk Kegiatan Kantor- Bahan Cetak,436000
0,0,0,0,0,0,0,0,0,3200000,0,0,1483,7.01.0.00.0.00.34.0000,KECAMATAN RANCABUNGUR,7.01.0.00.0.00.34.01,Sekretariat Kecamatan Rancabungur,7.01,KECAMATAN,7.01.06,PROGRAM PEMBINAAN DAN PENGAWASAN PEMERINTAHAN DESA,7.01.06.2.01,"Fasilitasi, Rekomendasi dan Koordinasi Pembinaan dan Pengawasan Pemerintahan Desa",1483.1849.97.431.1832,8340,7.01.06.2.01.09,Fasilitasi Sinkronisasi Perencanaan Pembangunan Daerah dengan Pembangunan Desa,5000000,5000000,5.1.02.01.01.0052,Belanja Makanan dan Minuman Rapat,3200000
0,0,0,0,0,0,0,0,0,0,1364000,0,1483,7.01.0.00.0.00.34.0000,KECAMATAN RANCABUNGUR,7.01.0.00.0.00.34.01,Sekretariat Kecamatan Rancabungur,7.01,KECAMATAN,7.01.06,PROGRAM PEMBINAAN DAN PENGAWASAN PEMERINTAHAN DESA,7.01.06.2.01,"Fasilitasi, Rekomendasi dan Koordinasi Pembinaan dan Pengawasan Pemerintahan Desa",1483.1849.97.431.1832,8342,7.01.06.2.01.11,Fasilitasi Penyelenggaraan Ketenteraman dan Ketertiban Umum,5000000,5000000,5.1.02.01.01.0024,Belanja Alat/Bahan untuk Kegiatan Kantor-Alat Tulis Kantor,1364000
0,0,0,0,0,0,0,0,0,0,436000,0,1483,7.01.0.00.0.00.34.0000,KECAMATAN RANCABUNGUR,7.01.0.00.0.00.34.01,Sekretariat Kecamatan Rancabungur,7.01,KECAMATAN,7.01.06,PROGRAM PEMBINAAN DAN PENGAWASAN PEMERINTAHAN DESA,7.01.06.2.01,"Fasilitasi, Rekomendasi dan Koordinasi Pembinaan dan Pengawasan Pemerintahan Desa",1483.1849.97.431.1832,8342,7.01.06.2.01.11,Fasilitasi Penyelenggaraan Ketenteraman dan Ketertiban Umum,5000000,5000000,5.1.02.01.01.0026,Belanja Alat/Bahan untuk Kegiatan Kantor- Bahan Cetak,436000
0,0,0,0,0,0,0,0,0,0,3200000,0,1483,7.01.0.00.0.00.34.0000,KECAMATAN RANCABUNGUR,7.01.0.00.0.00.34.01,Sekretariat Kecamatan Rancabungur,7.01,KECAMATAN,7.01.06,PROGRAM PEMBINAAN DAN PENGAWASAN PEMERINTAHAN DESA,7.01.06.2.01,"Fasilitasi, Rekomendasi dan Koordinasi Pembinaan dan Pengawasan Pemerintahan Desa",1483.1849.97.431.1832,8342,7.01.06.2.01.11,Fasilitasi Penyelenggaraan Ketenteraman dan Ketertiban Umum,5000000,5000000,5.1.02.01.01.0052,Belanja Makanan dan Minuman Rapat,3200000
0,0,0,0,2257600,0,0,0,0,0,0,0,1483,7.01.0.00.0.00.34.0000,KECAMATAN RANCABUNGUR,7.01.0.00.0.00.34.01,Sekretariat Kecamatan Rancabungur,7.01,KECAMATAN,7.01.06,PROGRAM PEMBINAAN DAN PENGAWASAN PEMERINTAHAN DESA,7.01.06.2.01,"Fasilitasi, Rekomendasi dan Koordinasi Pembinaan dan Pengawasan Pemerintahan Desa",1483.1849.97.431.1832,8348,7.01.06.2.01.17,Koordinasi Pendampingan Desa di Wilayahnya,33190000,33190000,5.1.02.01.01.0024,Belanja Alat/Bahan untuk Kegiatan Kantor-Alat Tulis Kantor,2257600
0,0,0,0,1582400,0,0,0,0,0,0,0,1483,7.01.0.00.0.00.34.0000,KECAMATAN RANCABUNGUR,7.01.0.00.0.00.34.01,Sekretariat Kecamatan Rancabungur,7.01,KECAMATAN,7.01.06,PROGRAM PEMBINAAN DAN PENGAWASAN PEMERINTAHAN DESA,7.01.06.2.01,"Fasilitasi, Rekomendasi dan Koordinasi Pembinaan dan Pengawasan Pemerintahan Desa",1483.1849.97.431.1832,8348,7.01.06.2.01.17,Koordinasi Pendampingan Desa di Wilayahnya,33190000,33190000,5.1.02.01.01.0026,Belanja Alat/Bahan untuk Kegiatan Kantor- Bahan Cetak,1582400
0,0,0,0,12200000,0,0,0,0,0,0,0,1483,7.01.0.00.0.00.34.0000,KECAMATAN RANCABUNGUR,7.01.0.00.0.00.34.01,Sekretariat Kecamatan Rancabungur,7.01,KECAMATAN,7.01.06,PROGRAM PEMBINAAN DAN PENGAWASAN PEMERINTAHAN DESA,7.01.06.2.01,"Fasilitasi, Rekomendasi dan Koordinasi Pembinaan dan Pengawasan Pemerintahan Desa",1483.1849.97.431.1832,8348,7.01.06.2.01.17,Koordinasi Pendampingan Desa di Wilayahnya,33190000,33190000,5.1.02.01.01.0052,Belanja Makanan dan Minuman Rapat,12200000
0,0,0,0,17150000,0,0,0,0,0,0,0,1483,7.01.0.00.0.00.34.0000,KECAMATAN RANCABUNGUR,7.01.0.00.0.00.34.01,Sekretariat Kecamatan Rancabungur,7.01,KECAMATAN,7.01.06,PROGRAM PEMBINAAN DAN PENGAWASAN PEMERINTAHAN DESA,7.01.06.2.01,"Fasilitasi, Rekomendasi dan Koordinasi Pembinaan dan Pengawasan Pemerintahan Desa",1483.1849.97.431.1832,8348,7.01.06.2.01.17,Koordinasi Pendampingan Desa di Wilayahnya,33190000,33190000,5.1.02.04.01.0003,Belanja Perjalanan Dinas Dalam Kota,17150000
0,0,0,0,0,0,0,0,1818000,0,0,0,1483,7.01.0.00.0.00.34.0000,KECAMATAN RANCABUNGUR,7.01.0.00.0.00.34.01,Sekretariat Kecamatan Rancabungur,7.01,KECAMATAN,7.01.06,PROGRAM PEMBINAAN DAN PENGAWASAN PEMERINTAHAN DESA,7.01.06.2.01,"Fasilitasi, Rekomendasi dan Koordinasi Pembinaan dan Pengawasan Pemerintahan Desa",1483.1849.97.431.1832,8349,7.01.06.2.01.18,Koordinasi Pelaksanaan Pembangunan Kawasan Perdesaan di Wilayah Kecamatan,5000000,5000000,5.1.02.01.01.0024,Belanja Alat/Bahan untuk Kegiatan Kantor-Alat Tulis Kantor,1818000
0,0,0,0,0,0,0,0,782000,0,0,0,1483,7.01.0.00.0.00.34.0000,KECAMATAN RANCABUNGUR,7.01.0.00.0.00.34.01,Sekretariat Kecamatan Rancabungur,7.01,KECAMATAN,7.01.06,PROGRAM PEMBINAAN DAN PENGAWASAN PEMERINTAHAN DESA,7.01.06.2.01,"Fasilitasi, Rekomendasi dan Koordinasi Pembinaan dan Pengawasan Pemerintahan Desa",1483.1849.97.431.1832,8349,7.01.06.2.01.18,Koordinasi Pelaksanaan Pembangunan Kawasan Perdesaan di Wilayah Kecamatan,5000000,5000000,5.1.02.01.01.0026,Belanja Alat/Bahan untuk Kegiatan Kantor- Bahan Cetak,782000
0,0,0,0,0,0,0,0,2400000,0,0,0,1483,7.01.0.00.0.00.34.0000,KECAMATAN RANCABUNGUR,7.01.0.00.0.00.34.01,Sekretariat Kecamatan Rancabungur,7.01,KECAMATAN,7.01.06,PROGRAM PEMBINAAN DAN PENGAWASAN PEMERINTAHAN DESA,7.01.06.2.01,"Fasilitasi, Rekomendasi dan Koordinasi Pembinaan dan Pengawasan Pemerintahan Desa",1483.1849.97.431.1832,8349,7.01.06.2.01.18,Koordinasi Pelaksanaan Pembangunan Kawasan Perdesaan di Wilayah Kecamatan,5000000,5000000,5.1.02.01.01.0052,Belanja Makanan dan Minuman Rapat,2400000
